Timestamp,ShriffPanelBoard30Minutes(kW-hr),ShriffMR130Minutes(kW-hr),ShriffMR230Minutes(kW-hr),ShriffMR330Minutes(kW-hr)
01-Apr-26 12:30:00 AM BST,14.2,2.6,10.1,12.6
01-Apr-26 1:00:00 AM BST,3.7,1.6,6.4,7.9
01-Apr-26 1:30:00 AM BST,8.6,1.6,6.3,7.8
01-Apr-26 2:00:00 AM BST,8.2,1.6,6.4,8.0
01-Apr-26 2:30:00 AM BST,1.3,1.6,6.4,8.1
01-Apr-26 3:00:00 AM BST,7.4,1.6,6.3,7.7
01-Apr-26 3:30:00 AM BST,7.5,1.6,6.2,8.0
01-Apr-26 4:00:00 AM BST,4.9,1.6,6.2,7.8
01-Apr-26 4:30:00 AM BST,3.5,1.6,6.1,7.5
01-Apr-26 5:00:00 AM BST,7.3,1.6,6.1,7.7
01-Apr-26 5:30:00 AM BST,5.0,1.6,6.1,7.7
01-Apr-26 6:00:00 AM BST,2.8,1.6,6.1,7.6
01-Apr-26 6:30:00 AM BST,7.3,1.6,6.1,7.6
01-Apr-26 7:00:00 AM BST,7.3,1.6,6.1,7.7
01-Apr-26 7:30:00 AM BST,0.9,1.6,6.1,7.8
01-Apr-26 8:00:00 AM BST,6.7,1.6,6.1,7.5
01-Apr-26 8:30:00 AM BST,7.4,1.7,2.3,7.4
01-Apr-26 9:00:00 AM BST,0.2,1.7,6.1,7.0
01-Apr-26 9:30:00 AM BST,6.9,1.9,6.1,7.0
01-Apr-26 10:00:00 AM BST,7.1,6.1,6.3,7.0
01-Apr-26 10:30:00 AM BST,3.0,6.6,6.2,7.0
01-Apr-26 11:00:00 AM BST,12.5,8.1,8.1,7.1
01-Apr-26 11:30:00 AM BST,2.9,9.8,9.3,7.0
01-Apr-26 12:00:00 PM BST,17.0,15.8,10.0,7.0
01-Apr-26 12:30:00 PM BST,5.5,15.0,10.6,7.1
01-Apr-26 1:00:00 PM BST,19.6,15.0,10.8,7.2
01-Apr-26 1:30:00 PM BST,15.1,15.1,16.5,3.7
01-Apr-26 2:00:00 PM BST,23.8,15.2,21.1,0.0
01-Apr-26 2:30:00 PM BST,15.9,15.9,21.8,0.0
01-Apr-26 3:00:00 PM BST,17.7,16.5,21.9,0.0
01-Apr-26 3:30:00 PM BST,20.7,21.0,21.9,0.0
01-Apr-26 4:00:00 PM BST,20.7,30.2,23.4,0.0
01-Apr-26 4:30:00 PM BST,27.1,33.1,23.2,0.0
01-Apr-26 5:00:00 PM BST,37.7,33.9,23.3,0.0
01-Apr-26 5:30:00 PM BST,29.7,34.1,23.5,0.0
01-Apr-26 6:00:00 PM BST,30.3,34.5,23.4,0.0
01-Apr-26 6:30:00 PM BST,30.1,34.9,23.4,0.0
01-Apr-26 7:00:00 PM BST,29.9,34.9,23.3,0.0
01-Apr-26 7:30:00 PM BST,29.8,34.8,23.4,0.0
01-Apr-26 8:00:00 PM BST,30.4,35.0,23.5,0.0
01-Apr-26 8:30:00 PM BST,30.5,35.1,23.4,0.0
01-Apr-26 9:00:00 PM BST,30.2,35.3,23.7,0.0
01-Apr-26 9:30:00 PM BST,29.9,34.5,23.8,0.0
01-Apr-26 10:00:00 PM BST,29.6,32.1,22.3,0.0
01-Apr-26 10:30:00 PM BST,28.7,30.6,20.8,0.0
01-Apr-26 11:00:00 PM BST,27.8,30.5,20.5,0.0
01-Apr-26 11:30:00 PM BST,24.2,,20.6,
02-Apr-26 12:00:00 AM BST,22.1,31.0,,0.0
02-Apr-26 12:30:00 AM BST,36.5,54.3,34.8,0.0
02-Apr-26 1:00:00 AM BST,22.8,34.1,21.7,0.0
02-Apr-26 1:30:00 AM BST,22.2,33.2,21.0,0.0
02-Apr-26 2:00:00 AM BST,21.8,33.6,21.1,0.0
02-Apr-26 2:30:00 AM BST,21.9,33.7,21.2,0.0
02-Apr-26 3:00:00 AM BST,21.5,33.0,21.0,0.0
02-Apr-26 3:30:00 AM BST,21.0,32.6,21.1,0.0
02-Apr-26 4:00:00 AM BST,20.5,32.0,21.3,0.0
02-Apr-26 4:30:00 AM BST,20.4,31.6,21.4,0.0
02-Apr-26 5:00:00 AM BST,19.2,31.5,21.3,0.0
02-Apr-26 5:30:00 AM BST,18.8,32.2,21.2,0.0
02-Apr-26 6:00:00 AM BST,18.4,31.8,21.1,0.0
02-Apr-26 6:30:00 AM BST,17.7,31.5,20.8,0.0
02-Apr-26 7:00:00 AM BST,17.1,31.3,20.6,0.0
02-Apr-26 7:30:00 AM BST,16.7,31.8,20.6,0.0
02-Apr-26 8:00:00 AM BST,16.6,33.6,20.6,0.0
02-Apr-26 8:30:00 AM BST,18.6,34.8,20.9,0.0
02-Apr-26 9:00:00 AM BST,21.3,34.8,21.2,0.0
02-Apr-26 9:30:00 AM BST,22.9,34.1,21.4,0.0
02-Apr-26 10:00:00 AM BST,27.1,33.7,21.1,0.0
02-Apr-26 10:30:00 AM BST,28.6,33.6,21.0,0.0
02-Apr-26 11:00:00 AM BST,28.4,33.1,19.0,3.3
02-Apr-26 11:30:00 AM BST,27.4,32.0,12.4,10.7
02-Apr-26 12:00:00 PM BST,31.3,37.3,17.0,13.9
02-Apr-26 12:30:00 PM BST,44.4,42.1,17.6,14.6
02-Apr-26 1:00:00 PM BST,46.7,43.9,18.4,17.1
02-Apr-26 1:30:00 PM BST,36.9,44.8,18.3,18.7
02-Apr-26 2:00:00 PM BST,41.6,46.5,18.5,19.8
02-Apr-26 2:30:00 PM BST,47.2,49.2,19.1,21.2
02-Apr-26 3:00:00 PM BST,51.2,50.1,19.2,21.9
02-Apr-26 3:30:00 PM BST,45.5,49.4,18.9,21.3
02-Apr-26 4:00:00 PM BST,43.6,50.5,19.3,21.7
02-Apr-26 4:30:00 PM BST,43.0,50.5,19.2,21.8
02-Apr-26 5:00:00 PM BST,48.5,50.6,19.2,22.3
02-Apr-26 5:30:00 PM BST,49.7,50.9,19.4,22.6
02-Apr-26 6:00:00 PM BST,50.8,51.0,19.6,22.7
02-Apr-26 6:30:00 PM BST,45.3,51.0,19.6,22.7
02-Apr-26 7:00:00 PM BST,42.6,50.9,19.5,22.7
02-Apr-26 7:30:00 PM BST,45.0,50.2,19.4,22.6
02-Apr-26 8:00:00 PM BST,48.7,50.4,19.4,22.7
02-Apr-26 8:30:00 PM BST,50.0,51.0,19.5,22.7
02-Apr-26 9:00:00 PM BST,50.8,51.7,19.9,22.8
02-Apr-26 9:30:00 PM BST,45.8,51.9,20.0,22.8
02-Apr-26 10:00:00 PM BST,45.3,52.0,19.9,22.8
02-Apr-26 10:30:00 PM BST,44.1,51.9,19.9,22.7
02-Apr-26 11:00:00 PM BST,48.0,51.9,19.8,22.8
02-Apr-26 11:30:00 PM BST,50.4,51.9,19.7,22.8
03-Apr-26 12:00:00 AM BST,50.6,52.1,19.8,22.8
03-Apr-26 12:30:00 AM BST,47.8,53.1,20.2,22.9
03-Apr-26 1:00:00 AM BST,45.3,52.1,19.8,22.9
03-Apr-26 1:30:00 AM BST,46.1,51.8,19.4,22.7
03-Apr-26 2:00:00 AM BST,50.6,51.9,19.6,22.7
03-Apr-26 2:30:00 AM BST,53.3,52.2,19.7,22.7
03-Apr-26 3:00:00 AM BST,47.0,52.5,19.9,22.8
03-Apr-26 3:30:00 AM BST,45.2,52.6,19.6,22.9
03-Apr-26 4:00:00 AM BST,47.4,52.4,19.5,22.8
03-Apr-26 4:30:00 AM BST,52.1,52.3,19.6,22.9
03-Apr-26 5:00:00 AM BST,52.3,52.8,19.8,22.9
03-Apr-26 5:30:00 AM BST,47.9,53.0,19.8,22.9
03-Apr-26 6:00:00 AM BST,45.4,52.9,19.8,22.9
03-Apr-26 6:30:00 AM BST,46.4,52.6,19.7,22.9
03-Apr-26 7:00:00 AM BST,51.4,52.8,19.8,22.9
03-Apr-26 7:30:00 AM BST,53.9,52.7,19.8,22.9
03-Apr-26 8:00:00 AM BST,46.9,52.9,19.9,22.9
03-Apr-26 8:30:00 AM BST,45.8,52.8,19.6,22.9
03-Apr-26 9:00:00 AM BST,46.2,52.7,19.6,22.9
03-Apr-26 9:30:00 AM BST,51.0,52.3,19.6,22.9
03-Apr-26 10:00:00 AM BST,51.7,52.6,19.7,22.9
03-Apr-26 10:30:00 AM BST,51.8,52.9,19.9,22.9
03-Apr-26 11:00:00 AM BST,46.0,53.1,19.9,23.0
03-Apr-26 11:30:00 AM BST,45.5,52.8,19.7,22.9
03-Apr-26 12:00:00 PM BST,48.8,52.6,19.7,23.0
03-Apr-26 12:30:00 PM BST,51.7,52.7,19.7,22.9
03-Apr-26 1:00:00 PM BST,51.8,52.8,19.9,22.9
03-Apr-26 1:30:00 PM BST,48.2,53.1,20.1,23.0
03-Apr-26 2:00:00 PM BST,45.4,53.0,19.9,23.0
03-Apr-26 2:30:00 PM BST,47.9,52.7,19.6,23.0
03-Apr-26 3:00:00 PM BST,52.0,52.8,19.6,23.0
03-Apr-26 3:30:00 PM BST,53.3,52.4,20.0,23.0
03-Apr-26 4:00:00 PM BST,47.9,53.4,20.5,23.0
03-Apr-26 4:30:00 PM BST,46.6,53.3,20.4,22.9
03-Apr-26 5:00:00 PM BST,45.9,52.9,20.2,22.9
03-Apr-26 5:30:00 PM BST,51.1,52.7,20.1,22.9
03-Apr-26 6:00:00 PM BST,52.0,52.8,20.2,22.9
03-Apr-26 6:30:00 PM BST,52.9,53.3,20.5,22.9
03-Apr-26 7:00:00 PM BST,46.8,53.1,20.4,23.0
03-Apr-26 7:30:00 PM BST,46.3,52.6,20.4,22.9
03-Apr-26 8:00:00 PM BST,47.0,52.7,20.1,22.8
03-Apr-26 8:30:00 PM BST,51.2,53.1,20.1,22.4
03-Apr-26 9:00:00 PM BST,52.9,53.0,20.2,22.4
03-Apr-26 9:30:00 PM BST,49.6,53.3,20.4,22.2
03-Apr-26 10:00:00 PM BST,46.8,53.2,20.4,22.2
03-Apr-26 10:30:00 PM BST,45.8,53.1,20.6,22.4
03-Apr-26 11:00:00 PM BST,48.5,53.1,20.3,22.9
03-Apr-26 11:30:00 PM BST,51.5,52.5,20.1,22.8
04-Apr-26 12:00:00 AM BST,52.3,52.4,20.3,23.0
04-Apr-26 12:30:00 AM BST,48.9,52.7,20.4,23.2
04-Apr-26 1:00:00 AM BST,46.1,52.1,20.1,23.2
04-Apr-26 1:30:00 AM BST,44.6,51.7,20.1,23.2
04-Apr-26 2:00:00 AM BST,51.3,51.9,19.9,23.2
04-Apr-26 2:30:00 AM BST,53.8,52.4,20.2,23.1
04-Apr-26 3:00:00 AM BST,48.2,51.9,19.9,23.0
04-Apr-26 3:30:00 AM BST,45.9,51.9,19.9,22.8
04-Apr-26 4:00:00 AM BST,45.2,51.3,19.4,22.7
04-Apr-26 4:30:00 AM BST,50.0,50.2,19.5,22.4
04-Apr-26 5:00:00 AM BST,50.8,50.5,19.8,22.5
04-Apr-26 5:30:00 AM BST,46.1,49.6,19.7,22.7
04-Apr-26 6:00:00 AM BST,46.9,52.8,19.3,22.6
04-Apr-26 6:30:00 AM BST,43.9,51.2,19.2,22.6
04-Apr-26 7:00:00 AM BST,49.3,51.2,19.1,22.6
04-Apr-26 7:30:00 AM BST,51.0,51.4,19.3,22.6
04-Apr-26 8:00:00 AM BST,50.4,51.6,19.4,22.6
04-Apr-26 8:30:00 AM BST,45.3,51.3,19.2,22.6
04-Apr-26 9:00:00 AM BST,43.2,51.2,19.1,22.7
04-Apr-26 9:30:00 AM BST,48.0,51.5,19.3,22.7
04-Apr-26 10:00:00 AM BST,50.0,51.5,19.2,22.7
04-Apr-26 10:30:00 AM BST,51.8,51.7,19.2,22.6
04-Apr-26 11:00:00 AM BST,47.6,51.8,19.2,22.7
04-Apr-26 11:30:00 AM BST,44.5,51.4,19.0,22.6
04-Apr-26 12:00:00 PM BST,46.9,51.3,19.0,22.7
04-Apr-26 12:30:00 PM BST,49.8,51.3,18.9,22.7
04-Apr-26 1:00:00 PM BST,50.3,51.4,19.0,22.7
04-Apr-26 1:30:00 PM BST,51.7,51.5,19.2,22.8
04-Apr-26 2:00:00 PM BST,45.4,51.6,19.3,22.8
04-Apr-26 2:30:00 PM BST,45.4,51.3,19.2,22.9
04-Apr-26 3:00:00 PM BST,45.3,51.3,19.0,22.9
04-Apr-26 3:30:00 PM BST,49.4,51.6,19.2,22.9
04-Apr-26 4:00:00 PM BST,50.3,51.8,19.2,22.8
04-Apr-26 4:30:00 PM BST,52.0,52.1,19.3,22.8
04-Apr-26 5:00:00 PM BST,46.4,52.3,19.3,22.9
04-Apr-26 5:30:00 PM BST,45.2,52.7,19.5,22.9
04-Apr-26 6:00:00 PM BST,46.9,52.6,19.2,22.5
04-Apr-26 6:30:00 PM BST,50.3,52.6,19.1,22.3
04-Apr-26 7:00:00 PM BST,50.8,52.3,19.2,22.4
04-Apr-26 7:30:00 PM BST,51.1,52.6,19.5,22.4
04-Apr-26 8:00:00 PM BST,44.9,52.6,19.4,22.4
04-Apr-26 8:30:00 PM BST,45.4,52.2,19.0,22.3
04-Apr-26 9:00:00 PM BST,47.3,52.2,18.8,22.2
04-Apr-26 9:30:00 PM BST,50.6,52.2,18.9,22.1
04-Apr-26 10:00:00 PM BST,52.9,52.8,19.3,22.2
04-Apr-26 10:30:00 PM BST,45.6,52.8,19.2,22.3
04-Apr-26 11:00:00 PM BST,44.8,52.9,19.3,22.3
04-Apr-26 11:30:00 PM BST,47.4,52.6,18.9,22.2
05-Apr-26 12:00:00 AM BST,51.0,52.7,19.0,21.9
05-Apr-26 12:30:00 AM BST,50.7,50.9,18.4,21.3
05-Apr-26 1:00:00 AM BST,47.5,54.4,19.6,22.9
05-Apr-26 1:30:00 AM BST,44.4,53.2,19.2,22.1
05-Apr-26 2:00:00 AM BST,47.6,53.1,19.1,22.2
05-Apr-26 2:30:00 AM BST,52.1,53.3,19.1,22.2
05-Apr-26 3:00:00 AM BST,52.8,53.3,19.3,22.2
05-Apr-26 3:30:00 AM BST,46.0,53.2,19.3,22.2
05-Apr-26 4:00:00 AM BST,44.9,52.9,19.1,22.2
05-Apr-26 4:30:00 AM BST,47.7,53.2,18.8,22.2
05-Apr-26 5:00:00 AM BST,52.0,53.2,19.0,22.2
05-Apr-26 5:30:00 AM BST,52.5,53.3,19.2,22.2
05-Apr-26 6:00:00 AM BST,45.9,53.5,19.3,22.2
05-Apr-26 6:30:00 AM BST,44.7,53.3,19.1,22.2
05-Apr-26 7:00:00 AM BST,48.5,53.1,18.8,22.2
05-Apr-26 7:30:00 AM BST,52.0,53.3,18.7,22.1
05-Apr-26 8:00:00 AM BST,50.9,53.4,19.0,22.0
05-Apr-26 8:30:00 AM BST,45.9,53.4,19.1,21.9
05-Apr-26 9:00:00 AM BST,43.2,52.9,18.9,21.8
05-Apr-26 9:30:00 AM BST,48.9,53.0,18.9,21.7
05-Apr-26 10:00:00 AM BST,50.2,52.9,18.9,21.7
05-Apr-26 10:30:00 AM BST,50.9,53.3,18.9,21.7
05-Apr-26 11:00:00 AM BST,49.8,53.5,18.9,21.8
05-Apr-26 11:30:00 AM BST,45.5,53.7,19.0,21.8
05-Apr-26 12:00:00 PM BST,45.7,53.6,18.9,21.8
05-Apr-26 12:30:00 PM BST,47.3,52.8,19.0,22.0
05-Apr-26 1:00:00 PM BST,50.6,53.2,19.0,22.0
05-Apr-26 1:30:00 PM BST,53.2,54.0,19.3,22.1
05-Apr-26 2:00:00 PM BST,48.5,54.1,19.4,21.9
05-Apr-26 2:30:00 PM BST,46.2,53.8,19.2,22.1
05-Apr-26 3:00:00 PM BST,45.3,53.6,19.2,22.2
05-Apr-26 3:30:00 PM BST,50.4,53.8,19.1,22.1
05-Apr-26 4:00:00 PM BST,50.7,53.9,19.2,22.1
05-Apr-26 4:30:00 PM BST,51.0,54.1,19.3,22.0
05-Apr-26 5:00:00 PM BST,48.9,53.9,19.3,22.0
05-Apr-26 5:30:00 PM BST,46.3,53.6,19.3,22.0
05-Apr-26 6:00:00 PM BST,44.4,53.3,19.2,22.1
05-Apr-26 6:30:00 PM BST,50.6,53.1,18.9,22.0
05-Apr-26 7:00:00 PM BST,50.5,53.3,19.1,21.9
05-Apr-26 7:30:00 PM BST,52.1,53.8,19.1,21.9
05-Apr-26 8:00:00 PM BST,47.0,53.8,19.3,22.1
05-Apr-26 8:30:00 PM BST,46.6,54.1,19.4,22.1
05-Apr-26 9:00:00 PM BST,45.5,54.0,19.3,22.1
05-Apr-26 9:30:00 PM BST,50.8,53.7,18.9,22.0
05-Apr-26 10:00:00 PM BST,52.6,54.1,19.1,22.2
05-Apr-26 10:30:00 PM BST,51.2,54.3,19.2,22.1
05-Apr-26 11:00:00 PM BST,46.6,54.3,19.2,22.0
05-Apr-26 11:30:00 PM BST,44.5,53.8,18.9,22.0
06-Apr-26 12:00:00 AM BST,49.5,53.4,18.7,22.0
06-Apr-26 12:30:00 AM BST,52.3,52.8,18.8,21.9
06-Apr-26 1:00:00 AM BST,49.8,53.2,18.9,22.0
06-Apr-26 1:30:00 AM BST,45.5,53.3,18.8,22.0
06-Apr-26 2:00:00 AM BST,44.3,53.2,18.8,22.0
06-Apr-26 2:30:00 AM BST,48.6,53.4,18.8,22.0
06-Apr-26 3:00:00 AM BST,52.3,53.5,18.8,22.0
06-Apr-26 3:30:00 AM BST,51.1,53.6,19.2,22.1
06-Apr-26 4:00:00 AM BST,45.9,53.5,19.1,22.1
06-Apr-26 4:30:00 AM BST,44.3,53.8,18.8,22.1
06-Apr-26 5:00:00 AM BST,49.3,53.5,18.7,22.0
06-Apr-26 5:30:00 AM BST,51.4,53.8,18.8,22.1
06-Apr-26 6:00:00 AM BST,51.0,54.0,19.1,22.1
06-Apr-26 6:30:00 AM BST,45.4,53.9,19.2,22.1
06-Apr-26 7:00:00 AM BST,44.0,53.4,18.9,22.0
06-Apr-26 7:30:00 AM BST,48.8,53.4,18.7,22.0
06-Apr-26 8:00:00 AM BST,51.3,53.8,19.0,22.2
06-Apr-26 8:30:00 AM BST,49.2,53.7,19.3,22.1
06-Apr-26 9:00:00 AM BST,45.2,53.6,19.1,22.1
06-Apr-26 9:30:00 AM BST,45.3,53.9,19.0,22.1
06-Apr-26 10:00:00 AM BST,48.9,53.9,18.9,21.8
06-Apr-26 10:30:00 AM BST,50.4,53.8,18.9,21.8
06-Apr-26 11:00:00 AM BST,51.2,53.5,19.1,21.7
06-Apr-26 11:30:00 AM BST,47.8,53.2,19.1,21.8
06-Apr-26 12:00:00 PM BST,45.5,53.0,19.1,21.9
06-Apr-26 12:30:00 PM BST,44.7,52.4,18.6,21.8
06-Apr-26 1:00:00 PM BST,49.0,52.6,18.6,21.8
06-Apr-26 1:30:00 PM BST,50.7,52.4,18.9,22.0
06-Apr-26 2:00:00 PM BST,52.0,52.8,19.2,22.1
06-Apr-26 2:30:00 PM BST,47.1,53.4,19.1,22.1
06-Apr-26 3:00:00 PM BST,46.1,53.3,19.1,22.1
06-Apr-26 3:30:00 PM BST,44.8,53.1,19.1,22.0
06-Apr-26 4:00:00 PM BST,49.7,53.1,19.0,22.1
06-Apr-26 4:30:00 PM BST,43.2,54.3,19.9,22.1
06-Apr-26 5:00:00 PM BST,57.3,53.5,19.2,22.0
06-Apr-26 5:30:00 PM BST,50.9,53.5,19.2,22.1
06-Apr-26 6:00:00 PM BST,46.6,53.6,19.3,22.1
06-Apr-26 6:30:00 PM BST,46.1,53.2,19.3,22.1
06-Apr-26 7:00:00 PM BST,46.4,53.0,19.1,21.9
06-Apr-26 7:30:00 PM BST,50.8,53.2,19.1,21.9
06-Apr-26 8:00:00 PM BST,51.9,53.3,19.2,22.0
06-Apr-26 8:30:00 PM BST,49.8,53.6,19.4,22.1
06-Apr-26 9:00:00 PM BST,46.9,53.0,19.1,22.0
06-Apr-26 9:30:00 PM BST,45.7,52.4,19.1,22.1
06-Apr-26 10:00:00 PM BST,46.3,52.4,19.1,22.1
06-Apr-26 10:30:00 PM BST,51.7,52.9,18.9,22.1
06-Apr-26 11:00:00 PM BST,53.1,53.1,19.4,22.3
06-Apr-26 11:30:00 PM BST,46.5,53.0,19.6,22.3
07-Apr-26 12:00:00 AM BST,43.9,53.0,19.4,22.3
07-Apr-26 12:30:00 AM BST,47.0,52.7,19.3,22.3
07-Apr-26 1:00:00 AM BST,55.8,52.5,19.2,22.4
07-Apr-26 1:30:00 AM BST,44.8,53.1,19.4,22.4
07-Apr-26 2:00:00 AM BST,45.5,53.0,19.3,22.3
07-Apr-26 2:30:00 AM BST,51.4,52.8,19.2,22.3
07-Apr-26 3:00:00 AM BST,52.7,53.0,19.3,22.4
07-Apr-26 3:30:00 AM BST,46.1,53.6,19.4,22.3
07-Apr-26 4:00:00 AM BST,44.6,53.5,19.4,22.4
07-Apr-26 4:30:00 AM BST,47.4,52.9,19.2,22.4
07-Apr-26 5:00:00 AM BST,51.7,53.1,19.2,22.4
07-Apr-26 5:30:00 AM BST,52.0,53.8,19.6,22.4
07-Apr-26 6:00:00 AM BST,45.4,53.7,19.4,22.4
07-Apr-26 6:30:00 AM BST,44.0,53.9,19.4,22.4
07-Apr-26 7:00:00 AM BST,51.1,53.8,19.2,22.4
07-Apr-26 7:30:00 AM BST,52.9,53.6,17.5,20.1
07-Apr-26 8:00:00 AM BST,48.1,53.6,21.3,24.5
07-Apr-26 8:30:00 AM BST,42.8,53.3,19.4,22.2
07-Apr-26 9:00:00 AM BST,47.3,52.8,19.0,22.2
07-Apr-26 9:30:00 AM BST,50.8,53.0,19.2,22.4
07-Apr-26 10:00:00 AM BST,52.1,53.5,19.5,22.6
07-Apr-26 10:30:00 AM BST,46.5,53.7,19.7,22.6
07-Apr-26 11:00:00 AM BST,43.2,53.5,19.6,22.6
07-Apr-26 11:30:00 AM BST,52.8,52.9,19.8,22.6
07-Apr-26 12:00:00 PM BST,51.9,52.9,19.1,22.4
07-Apr-26 12:30:00 PM BST,44.4,52.7,19.4,22.4
07-Apr-26 1:00:00 PM BST,23.5,19.4,19.2,22.2
07-Apr-26 1:30:00 PM BST,45.4,52.3,19.2,22.3
07-Apr-26 2:00:00 PM BST,54.6,52.6,18.8,22.4
07-Apr-26 2:30:00 PM BST,51.8,53.1,19.1,22.4
07-Apr-26 3:00:00 PM BST,47.4,53.5,19.2,22.4
07-Apr-26 3:30:00 PM BST,52.2,52.9,18.8,22.4
07-Apr-26 4:00:00 PM BST,54.3,53.6,19.4,22.5
07-Apr-26 4:30:00 PM BST,47.8,53.4,19.3,22.7
07-Apr-26 5:00:00 PM BST,50.4,53.2,18.9,22.4
07-Apr-26 5:30:00 PM BST,56.1,53.2,19.4,22.5
07-Apr-26 6:00:00 PM BST,47.7,53.4,19.4,22.5
07-Apr-26 6:30:00 PM BST,48.2,52.8,19.0,22.4
07-Apr-26 7:00:00 PM BST,59.4,52.8,19.0,22.2
07-Apr-26 7:30:00 PM BST,49.0,52.5,19.2,22.3
07-Apr-26 8:00:00 PM BST,46.8,52.8,19.1,22.2
07-Apr-26 8:30:00 PM BST,54.3,52.7,18.8,22.3
07-Apr-26 9:00:00 PM BST,51.5,53.4,19.4,22.3
07-Apr-26 9:30:00 PM BST,46.9,52.8,19.2,22.3
07-Apr-26 10:00:00 PM BST,53.1,52.7,18.9,22.4
07-Apr-26 10:30:00 PM BST,51.5,52.8,19.6,22.4
07-Apr-26 11:00:00 PM BST,44.9,53.3,19.5,22.4
07-Apr-26 11:30:00 PM BST,56.7,53.0,19.2,22.4
08-Apr-26 12:00:00 AM BST,79.6,86.8,,
08-Apr-26 12:30:00 AM BST,49.6,53.3,31.7,36.6
08-Apr-26 1:00:00 AM BST,46.4,53.1,19.6,22.4
08-Apr-26 1:30:00 AM BST,55.2,53.1,19.1,22.4
08-Apr-26 2:00:00 AM BST,51.2,53.3,18.9,22.3
08-Apr-26 2:30:00 AM BST,45.8,53.0,19.3,22.3
08-Apr-26 3:00:00 AM BST,54.1,52.4,19.1,22.2
08-Apr-26 3:30:00 AM BST,51.9,52.9,18.7,22.1
08-Apr-26 4:00:00 AM BST,46.1,53.0,19.2,22.2
08-Apr-26 4:30:00 AM BST,52.0,52.8,19.1,22.3
08-Apr-26 5:00:00 AM BST,53.9,53.3,18.7,22.3
08-Apr-26 5:30:00 AM BST,44.4,53.3,19.2,22.4
08-Apr-26 6:00:00 AM BST,51.9,52.9,19.2,22.4
08-Apr-26 6:30:00 AM BST,53.6,53.1,18.6,22.3
08-Apr-26 7:00:00 AM BST,46.0,53.6,19.0,22.3
08-Apr-26 7:30:00 AM BST,49.8,53.3,19.1,22.3
08-Apr-26 8:00:00 AM BST,55.9,53.3,18.7,22.3
08-Apr-26 8:30:00 AM BST,47.6,53.3,19.3,22.5
08-Apr-26 9:00:00 AM BST,21.8,19.4,6.9,8.2
08-Apr-26 9:30:00 AM BST,36.8,53.0,19.4,22.5
08-Apr-26 10:00:00 AM BST,42.5,52.9,19.1,22.6
08-Apr-26 10:30:00 AM BST,51.4,52.8,19.5,22.8
08-Apr-26 11:00:00 AM BST,46.4,53.8,19.6,22.6
08-Apr-26 11:30:00 AM BST,56.5,53.4,19.2,22.5
08-Apr-26 12:00:00 PM BST,47.9,53.8,19.5,22.3
08-Apr-26 12:30:00 PM BST,50.3,53.0,19.0,22.4
08-Apr-26 1:00:00 PM BST,57.8,53.7,19.4,22.4
08-Apr-26 1:30:00 PM BST,49.1,53.7,19.4,22.4
08-Apr-26 2:00:00 PM BST,47.5,53.8,19.2,22.4
08-Apr-26 2:30:00 PM BST,59.6,53.7,19.2,22.4
08-Apr-26 3:00:00 PM BST,50.9,54.2,19.8,22.4
08-Apr-26 3:30:00 PM BST,48.8,53.9,19.6,22.4
08-Apr-26 4:00:00 PM BST,54.9,53.7,19.3,22.4
08-Apr-26 4:30:00 PM BST,55.0,54.3,19.8,22.5
08-Apr-26 5:00:00 PM BST,49.1,54.2,19.7,22.6
08-Apr-26 5:30:00 PM BST,52.9,53.8,19.3,22.7
08-Apr-26 6:00:00 PM BST,57.1,54.3,19.8,22.5
08-Apr-26 6:30:00 PM BST,49.7,54.1,19.8,22.5
08-Apr-26 7:00:00 PM BST,50.3,53.9,19.3,22.4
08-Apr-26 7:30:00 PM BST,59.2,54.3,19.6,22.4
08-Apr-26 8:00:00 PM BST,49.6,54.2,19.7,22.4
08-Apr-26 8:30:00 PM BST,47.6,53.5,19.3,22.4
08-Apr-26 9:00:00 PM BST,60.5,53.9,19.3,22.4
08-Apr-26 9:30:00 PM BST,49.5,53.7,19.7,22.4
08-Apr-26 10:00:00 PM BST,46.9,53.4,19.4,22.3
08-Apr-26 10:30:00 PM BST,57.6,52.9,19.2,22.3
08-Apr-26 11:00:00 PM BST,52.7,53.3,19.5,22.3
08-Apr-26 11:30:00 PM BST,47.9,53.0,19.3,
09-Apr-26 12:00:00 AM BST,,,,22.2
09-Apr-26 12:30:00 AM BST,86.6,87.3,31.3,36.2
09-Apr-26 1:00:00 AM BST,48.0,53.3,18.9,22.1
09-Apr-26 1:30:00 AM BST,59.7,53.6,19.0,22.1
09-Apr-26 2:00:00 AM BST,45.2,53.9,19.4,22.2
09-Apr-26 2:30:00 AM BST,48.3,53.5,18.9,22.1
09-Apr-26 3:00:00 AM BST,60.2,53.5,19.1,22.2
09-Apr-26 3:30:00 AM BST,48.7,54.0,19.5,22.3
09-Apr-26 4:00:00 AM BST,46.8,53.7,19.1,22.3
09-Apr-26 4:30:00 AM BST,58.5,53.0,19.0,22.2
09-Apr-26 5:00:00 AM BST,50.5,53.4,19.3,22.2
09-Apr-26 5:30:00 AM BST,47.2,53.6,18.9,22.3
09-Apr-26 6:00:00 AM BST,53.4,51.7,18.1,21.4
09-Apr-26 6:30:00 AM BST,52.3,56.3,20.3,23.0
09-Apr-26 7:00:00 AM BST,46.6,54.1,19.2,22.1
09-Apr-26 7:30:00 AM BST,56.5,53.9,18.8,22.1
09-Apr-26 8:00:00 AM BST,45.8,53.8,18.9,22.2
09-Apr-26 8:30:00 AM BST,59.9,54.0,19.1,22.2
09-Apr-26 9:00:00 AM BST,49.0,54.3,19.4,22.3
09-Apr-26 9:30:00 AM BST,47.5,54.5,19.0,22.6
09-Apr-26 10:00:00 AM BST,55.9,54.2,18.8,22.5
09-Apr-26 10:30:00 AM BST,53.8,54.5,19.4,22.5
09-Apr-26 11:00:00 AM BST,49.4,54.2,19.3,22.6
09-Apr-26 11:30:00 AM BST,50.7,53.6,18.8,22.6
09-Apr-26 12:00:00 PM BST,58.2,53.8,19.1,22.5
09-Apr-26 12:30:00 PM BST,49.0,54.4,19.4,22.5
09-Apr-26 1:00:00 PM BST,49.1,54.0,18.9,22.4
09-Apr-26 1:30:00 PM BST,59.7,54.1,19.2,22.5
09-Apr-26 2:00:00 PM BST,49.1,54.2,19.3,22.4
09-Apr-26 2:30:00 PM BST,47.0,54.0,18.8,22.4
09-Apr-26 3:00:00 PM BST,60.5,53.9,18.9,22.4
09-Apr-26 3:30:00 PM BST,50.1,54.5,19.5,22.4
09-Apr-26 4:00:00 PM BST,48.3,54.2,19.2,22.4
09-Apr-26 4:30:00 PM BST,55.8,53.6,18.8,22.3
09-Apr-26 5:00:00 PM BST,53.0,54.3,19.4,22.5
09-Apr-26 5:30:00 PM BST,48.6,54.0,19.2,22.5
09-Apr-26 6:00:00 PM BST,52.2,53.7,18.7,22.6
09-Apr-26 6:30:00 PM BST,55.2,54.3,19.2,22.7
09-Apr-26 7:00:00 PM BST,47.9,54.1,19.1,22.6
09-Apr-26 7:30:00 PM BST,51.0,53.3,18.8,22.6
09-Apr-26 8:00:00 PM BST,56.2,53.8,19.2,22.4
09-Apr-26 8:30:00 PM BST,47.1,54.0,19.2,22.3
09-Apr-26 9:00:00 PM BST,47.0,53.5,18.9,22.0
09-Apr-26 9:30:00 PM BST,56.0,52.9,18.9,22.2
09-Apr-26 10:00:00 PM BST,39.8,53.4,19.2,22.1
09-Apr-26 10:30:00 PM BST,37.2,53.4,19.0,22.1
09-Apr-26 11:00:00 PM BST,37.1,53.0,18.6,22.1
09-Apr-26 11:30:00 PM BST,33.5,53.6,19.2,22.2
10-Apr-26 12:00:00 AM BST,25.5,53.5,19.3,22.3
10-Apr-26 12:30:00 AM BST,29.9,53.7,18.9,22.2
10-Apr-26 1:00:00 AM BST,23.3,54.6,20.1,22.2
10-Apr-26 1:30:00 AM BST,24.9,54.8,20.3,22.2
10-Apr-26 2:00:00 AM BST,24.7,54.8,20.3,22.1
10-Apr-26 2:30:00 AM BST,24.7,55.1,20.3,22.2
10-Apr-26 3:00:00 AM BST,24.5,55.1,20.3,22.2
10-Apr-26 3:30:00 AM BST,24.2,54.9,20.3,22.3
10-Apr-26 4:00:00 AM BST,23.9,55.1,20.3,22.3
10-Apr-26 4:30:00 AM BST,24.0,55.1,20.3,22.2
10-Apr-26 5:00:00 AM BST,23.8,54.8,20.3,22.2
10-Apr-26 5:30:00 AM BST,23.6,54.7,20.3,22.2
10-Apr-26 6:00:00 AM BST,23.5,54.6,20.3,22.2
10-Apr-26 6:30:00 AM BST,23.5,54.3,20.3,22.2
10-Apr-26 7:00:00 AM BST,23.2,54.2,20.2,22.2
10-Apr-26 7:30:00 AM BST,23.2,54.6,20.2,22.1
10-Apr-26 8:00:00 AM BST,23.4,54.7,20.2,22.1
10-Apr-26 8:30:00 AM BST,23.7,54.7,20.3,22.2
10-Apr-26 9:00:00 AM BST,24.2,54.7,20.3,22.2
10-Apr-26 9:30:00 AM BST,24.7,55.2,20.3,22.3
10-Apr-26 10:00:00 AM BST,25.4,55.2,20.2,22.3
10-Apr-26 10:30:00 AM BST,28.5,54.8,20.3,22.1
10-Apr-26 11:00:00 AM BST,33.7,53.4,18.8,22.1
10-Apr-26 11:30:00 AM BST,24.3,54.1,19.4,22.1
10-Apr-26 12:00:00 PM BST,36.4,54.0,19.0,21.9
10-Apr-26 12:30:00 PM BST,32.2,53.8,18.8,22.0
10-Apr-26 1:00:00 PM BST,32.9,54.1,19.1,22.1
10-Apr-26 1:30:00 PM BST,38.1,53.6,18.8,22.1
10-Apr-26 2:00:00 PM BST,48.0,54.2,19.3,22.2
10-Apr-26 2:30:00 PM BST,45.5,54.3,19.3,22.2
10-Apr-26 3:00:00 PM BST,46.4,53.5,18.8,22.1
10-Apr-26 3:30:00 PM BST,59.3,53.8,19.1,22.1
10-Apr-26 4:00:00 PM BST,47.5,53.8,19.3,22.1
10-Apr-26 4:30:00 PM BST,45.8,53.6,18.9,21.9
10-Apr-26 5:00:00 PM BST,58.5,53.5,18.8,21.9
10-Apr-26 5:30:00 PM BST,48.8,53.9,19.4,22.1
10-Apr-26 6:00:00 PM BST,44.9,53.9,19.2,22.0
10-Apr-26 6:30:00 PM BST,55.8,53.9,18.9,22.0
10-Apr-26 7:00:00 PM BST,49.9,54.5,19.5,22.0
10-Apr-26 7:30:00 PM BST,45.5,54.3,19.3,22.1
10-Apr-26 8:00:00 PM BST,47.0,53.9,18.8,22.0
10-Apr-26 8:30:00 PM BST,39.6,54.6,19.5,22.0
10-Apr-26 9:00:00 PM BST,32.2,54.4,19.4,22.1
10-Apr-26 9:30:00 PM BST,30.3,54.0,18.8,22.0
10-Apr-26 10:00:00 PM BST,24.1,55.2,20.2,22.1
10-Apr-26 10:30:00 PM BST,25.0,54.8,20.2,22.0
10-Apr-26 11:00:00 PM BST,24.8,54.8,20.4,21.9
10-Apr-26 11:30:00 PM BST,24.6,55.0,20.3,21.9
11-Apr-26 12:00:00 AM BST,24.4,54.9,20.3,21.9
11-Apr-26 12:30:00 AM BST,24.3,55.0,20.3,21.9
11-Apr-26 1:00:00 AM BST,24.3,54.8,20.4,22.0
11-Apr-26 1:30:00 AM BST,24.2,54.7,20.3,21.9
11-Apr-26 2:00:00 AM BST,24.2,54.8,20.2,21.9
11-Apr-26 2:30:00 AM BST,24.1,55.2,20.1,21.9
11-Apr-26 3:00:00 AM BST,24.1,55.0,20.3,21.8
11-Apr-26 3:30:00 AM BST,24.1,55.1,20.2,21.8
11-Apr-26 4:00:00 AM BST,24.1,54.8,20.3,21.8
11-Apr-26 4:30:00 AM BST,24.0,54.8,20.3,21.8
11-Apr-26 5:00:00 AM BST,24.1,54.8,20.3,21.7
11-Apr-26 5:30:00 AM BST,24.0,54.4,20.3,21.8
11-Apr-26 6:00:00 AM BST,24.0,54.7,20.2,21.8
11-Apr-26 6:30:00 AM BST,24.1,54.9,20.3,22.0
11-Apr-26 7:00:00 AM BST,24.2,55.0,20.1,21.9
11-Apr-26 7:30:00 AM BST,24.2,55.0,20.2,22.0
11-Apr-26 8:00:00 AM BST,24.4,55.1,20.3,22.1
11-Apr-26 8:30:00 AM BST,25.2,55.3,20.1,21.9
11-Apr-26 9:00:00 AM BST,25.6,55.1,20.3,21.9
11-Apr-26 9:30:00 AM BST,27.5,55.1,20.2,21.9
11-Apr-26 10:00:00 AM BST,33.8,53.6,18.9,21.8
11-Apr-26 10:30:00 AM BST,23.2,53.8,19.0,21.8
11-Apr-26 11:00:00 AM BST,24.5,54.7,20.2,21.9
11-Apr-26 11:30:00 AM BST,31.4,54.5,19.9,21.9
11-Apr-26 12:00:00 PM BST,29.8,53.4,18.6,21.9
11-Apr-26 12:30:00 PM BST,29.5,54.6,19.7,22.0
11-Apr-26 1:00:00 PM BST,30.3,54.0,19.1,22.1
11-Apr-26 1:30:00 PM BST,32.9,53.9,18.9,22.1
11-Apr-26 2:00:00 PM BST,38.3,54.3,19.4,22.2
11-Apr-26 2:30:00 PM BST,39.0,54.4,19.5,22.3
11-Apr-26 3:00:00 PM BST,41.9,54.3,19.4,22.4
11-Apr-26 3:30:00 PM BST,54.2,53.4,18.9,22.3
11-Apr-26 4:00:00 PM BST,51.4,53.8,19.5,22.3
11-Apr-26 4:30:00 PM BST,47.1,54.0,19.3,22.3
11-Apr-26 5:00:00 PM BST,50.5,53.8,18.8,22.2
11-Apr-26 5:30:00 PM BST,55.6,54.0,19.1,22.1
11-Apr-26 6:00:00 PM BST,47.2,54.4,19.6,22.2
11-Apr-26 6:30:00 PM BST,46.5,53.9,18.9,22.1
11-Apr-26 7:00:00 PM BST,57.9,54.0,18.9,22.1
11-Apr-26 7:30:00 PM BST,46.8,53.7,19.1,22.1
11-Apr-26 8:00:00 PM BST,39.2,53.7,19.1,22.1
11-Apr-26 8:30:00 PM BST,35.2,53.5,18.6,22.0
11-Apr-26 9:00:00 PM BST,31.8,53.9,19.1,22.1
11-Apr-26 9:30:00 PM BST,22.8,54.2,19.3,21.9
11-Apr-26 10:00:00 PM BST,24.4,55.0,20.5,22.0
11-Apr-26 10:30:00 PM BST,24.8,55.1,20.7,22.1
11-Apr-26 11:00:00 PM BST,24.6,55.3,20.7,22.1
11-Apr-26 11:30:00 PM BST,24.7,55.4,20.8,22.1
12-Apr-26 12:00:00 AM BST,24.6,55.4,20.9,22.2
12-Apr-26 12:30:00 AM BST,24.6,55.5,21.0,22.4
12-Apr-26 1:00:00 AM BST,24.4,55.2,20.8,22.3
12-Apr-26 1:30:00 AM BST,24.4,55.5,20.9,22.3
12-Apr-26 2:00:00 AM BST,24.2,55.2,21.1,22.2
12-Apr-26 2:30:00 AM BST,24.0,55.0,21.1,22.2
12-Apr-26 3:00:00 AM BST,24.0,54.7,21.0,22.1
12-Apr-26 3:30:00 AM BST,23.9,54.5,21.0,22.1
12-Apr-26 4:00:00 AM BST,23.6,54.8,21.0,22.1
12-Apr-26 4:30:00 AM BST,23.6,55.0,21.0,22.1
12-Apr-26 5:00:00 AM BST,23.5,55.0,21.0,22.1
12-Apr-26 5:30:00 AM BST,23.5,54.9,20.6,22.2
12-Apr-26 6:00:00 AM BST,23.4,55.0,20.7,22.1
12-Apr-26 6:30:00 AM BST,23.2,54.8,20.5,22.1
12-Apr-26 7:00:00 AM BST,23.1,54.8,20.7,22.1
12-Apr-26 7:30:00 AM BST,23.4,55.3,20.7,22.1
12-Apr-26 8:00:00 AM BST,23.6,55.0,20.6,22.0
12-Apr-26 8:30:00 AM BST,24.7,54.9,20.7,22.0
12-Apr-26 9:00:00 AM BST,28.6,54.9,20.6,22.1
12-Apr-26 9:30:00 AM BST,33.5,53.5,19.1,22.0
12-Apr-26 10:00:00 AM BST,29.8,53.3,19.2,22.0
12-Apr-26 10:30:00 AM BST,29.8,53.4,19.0,21.9
12-Apr-26 11:00:00 AM BST,33.5,53.2,18.8,21.9
12-Apr-26 11:30:00 AM BST,39.5,53.8,19.4,21.9
12-Apr-26 12:00:00 PM BST,39.7,54.0,19.2,21.8
12-Apr-26 12:30:00 PM BST,45.1,53.8,19.1,21.9
12-Apr-26 1:00:00 PM BST,54.3,53.3,18.7,21.8
12-Apr-26 1:30:00 PM BST,51.3,54.0,19.3,21.8
12-Apr-26 2:00:00 PM BST,46.8,53.5,18.9,21.9
12-Apr-26 2:30:00 PM BST,51.6,53.2,18.3,21.9
12-Apr-26 3:00:00 PM BST,54.6,53.7,19.1,21.9
12-Apr-26 3:30:00 PM BST,47.6,53.9,19.3,22.0
12-Apr-26 4:00:00 PM BST,48.5,53.5,18.7,21.8
12-Apr-26 4:30:00 PM BST,57.8,53.8,19.1,22.0
12-Apr-26 5:00:00 PM BST,47.4,53.9,19.2,22.0
12-Apr-26 5:30:00 PM BST,46.8,53.8,19.0,22.0
12-Apr-26 6:00:00 PM BST,56.2,53.6,18.9,22.0
12-Apr-26 6:30:00 PM BST,48.9,53.8,19.4,22.1
12-Apr-26 7:00:00 PM BST,46.2,53.6,19.3,22.1
12-Apr-26 7:30:00 PM BST,52.2,53.8,19.1,22.1
12-Apr-26 8:00:00 PM BST,50.5,54.0,19.6,22.2
12-Apr-26 8:30:00 PM BST,37.9,53.8,19.6,22.2
12-Apr-26 9:00:00 PM BST,38.1,53.3,19.3,22.2
12-Apr-26 9:30:00 PM BST,35.4,53.7,19.5,22.0
12-Apr-26 10:00:00 PM BST,24.0,53.5,19.7,22.1
12-Apr-26 10:30:00 PM BST,24.9,54.6,20.7,22.1
12-Apr-26 11:00:00 PM BST,24.8,54.5,20.7,22.1
12-Apr-26 11:30:00 PM BST,24.5,54.6,20.6,22.1
13-Apr-26 12:00:00 AM BST,24.2,54.8,20.8,22.1
13-Apr-26 12:30:00 AM BST,24.3,55.0,20.8,22.3
13-Apr-26 1:00:00 AM BST,24.6,54.6,20.9,22.1
13-Apr-26 1:30:00 AM BST,24.4,54.5,20.7,22.2
13-Apr-26 2:00:00 AM BST,24.1,54.7,20.6,22.2
13-Apr-26 2:30:00 AM BST,24.0,55.2,20.6,22.1
13-Apr-26 3:00:00 AM BST,23.9,54.8,20.5,22.1
13-Apr-26 3:30:00 AM BST,23.9,54.8,20.4,22.1
13-Apr-26 4:00:00 AM BST,23.4,54.3,20.6,22.1
13-Apr-26 4:30:00 AM BST,23.5,54.6,20.5,22.1
13-Apr-26 5:00:00 AM BST,23.8,54.7,20.6,22.2
13-Apr-26 5:30:00 AM BST,24.0,54.4,20.7,22.1
13-Apr-26 6:00:00 AM BST,23.8,54.5,20.7,22.1
13-Apr-26 6:30:00 AM BST,24.2,54.4,20.8,22.2
13-Apr-26 7:00:00 AM BST,23.7,54.5,20.7,22.2
13-Apr-26 7:30:00 AM BST,23.7,54.7,20.8,22.2
13-Apr-26 8:00:00 AM BST,23.4,54.4,20.7,22.3
13-Apr-26 8:30:00 AM BST,24.5,54.3,20.7,22.4
13-Apr-26 9:00:00 AM BST,24.9,54.4,20.7,22.3
13-Apr-26 9:30:00 AM BST,29.9,54.2,20.4,22.2
13-Apr-26 10:00:00 AM BST,33.6,52.6,18.8,22.1
13-Apr-26 10:30:00 AM BST,31.1,53.3,19.1,22.3
13-Apr-26 11:00:00 AM BST,32.0,53.6,19.5,22.4
13-Apr-26 11:30:00 AM BST,36.5,53.4,19.3,22.4
13-Apr-26 12:00:00 PM BST,50.9,53.7,19.2,22.5
13-Apr-26 12:30:00 PM BST,49.3,53.9,19.3,22.4
13-Apr-26 1:00:00 PM BST,47.5,53.8,19.4,22.6
13-Apr-26 1:30:00 PM BST,52.7,53.8,19.0,22.6
13-Apr-26 2:00:00 PM BST,54.4,53.9,19.5,22.7
13-Apr-26 2:30:00 PM BST,47.4,53.8,19.4,22.7
13-Apr-26 3:00:00 PM BST,49.7,52.8,19.1,22.4
13-Apr-26 3:30:00 PM BST,55.4,53.3,19.5,22.6
13-Apr-26 4:00:00 PM BST,47.2,53.1,19.4,22.6
13-Apr-26 4:30:00 PM BST,48.5,53.0,19.1,22.5
13-Apr-26 5:00:00 PM BST,54.1,53.3,19.3,22.6
13-Apr-26 5:30:00 PM BST,43.7,53.5,19.4,22.5
13-Apr-26 6:00:00 PM BST,46.2,53.3,19.1,22.6
13-Apr-26 6:30:00 PM BST,57.8,53.7,19.3,22.7
13-Apr-26 7:00:00 PM BST,46.5,54.0,19.6,22.6
13-Apr-26 7:30:00 PM BST,43.1,54.0,19.5,22.6
13-Apr-26 8:00:00 PM BST,50.9,53.5,19.1,22.6
13-Apr-26 8:30:00 PM BST,37.7,54.5,19.8,22.6
13-Apr-26 9:00:00 PM BST,32.2,54.2,19.4,22.6
13-Apr-26 9:30:00 PM BST,31.7,53.2,19.1,22.4
13-Apr-26 10:00:00 PM BST,32.0,53.3,19.9,22.4
13-Apr-26 10:30:00 PM BST,27.7,53.5,20.0,22.4
13-Apr-26 11:00:00 PM BST,28.0,53.0,19.5,22.4
13-Apr-26 11:30:00 PM BST,23.7,54.7,20.8,22.4
14-Apr-26 12:00:00 AM BST,25.2,54.8,21.1,22.6
14-Apr-26 12:30:00 AM BST,25.3,55.2,21.2,22.7
14-Apr-26 1:00:00 AM BST,25.3,55.3,21.2,22.8
14-Apr-26 1:30:00 AM BST,25.1,55.0,21.2,22.8
14-Apr-26 2:00:00 AM BST,24.9,54.8,21.1,22.8
14-Apr-26 2:30:00 AM BST,24.8,54.8,20.8,22.8
14-Apr-26 3:00:00 AM BST,24.3,54.9,21.1,22.8
14-Apr-26 3:30:00 AM BST,24.5,55.4,21.1,22.7
14-Apr-26 4:00:00 AM BST,24.3,55.3,21.1,22.7
14-Apr-26 4:30:00 AM BST,24.4,55.2,21.1,22.6
14-Apr-26 5:00:00 AM BST,24.4,55.0,21.1,22.6
14-Apr-26 5:30:00 AM BST,24.1,54.8,21.1,22.6
14-Apr-26 6:00:00 AM BST,23.8,55.2,21.1,22.6
14-Apr-26 6:30:00 AM BST,24.2,54.9,20.9,22.5
14-Apr-26 7:00:00 AM BST,23.8,54.9,20.9,22.4
14-Apr-26 7:30:00 AM BST,23.6,55.0,20.9,22.6
14-Apr-26 8:00:00 AM BST,23.9,55.1,20.9,22.6
14-Apr-26 8:30:00 AM BST,25.3,55.5,20.9,22.6
14-Apr-26 9:00:00 AM BST,32.7,54.8,20.6,22.6
14-Apr-26 9:30:00 AM BST,31.2,53.7,19.4,22.6
14-Apr-26 10:00:00 AM BST,36.2,54.1,19.6,22.4
14-Apr-26 10:30:00 AM BST,34.8,54.1,20.0,22.5
14-Apr-26 11:00:00 AM BST,35.0,53.6,19.9,22.6
14-Apr-26 11:30:00 AM BST,46.9,54.5,20.4,22.5
14-Apr-26 12:00:00 PM BST,58.3,54.0,19.7,22.4
14-Apr-26 12:30:00 PM BST,48.2,54.3,19.9,22.5
14-Apr-26 1:00:00 PM BST,47.0,53.8,19.5,22.5
14-Apr-26 1:30:00 PM BST,60.2,54.2,19.6,22.6
14-Apr-26 2:00:00 PM BST,46.1,54.5,20.2,22.5
14-Apr-26 2:30:00 PM BST,52.0,54.2,19.6,22.6
14-Apr-26 3:00:00 PM BST,55.2,54.7,20.1,22.6
14-Apr-26 3:30:00 PM BST,48.2,54.4,20.2,22.5
14-Apr-26 4:00:00 PM BST,69.1,73.9,27.1,213591.9
14-Apr-26 4:30:00 PM BST,52.6,54.4,19.8,22.5
14-Apr-26 5:00:00 PM BST,56.2,55.0,20.5,22.7
14-Apr-26 5:30:00 PM BST,49.0,54.7,20.3,22.4
14-Apr-26 6:00:00 PM BST,48.1,54.3,19.8,22.3
14-Apr-26 6:30:00 PM BST,59.6,54.4,20.1,22.3
14-Apr-26 7:00:00 PM BST,48.3,54.8,20.3,22.3
14-Apr-26 7:30:00 PM BST,47.2,54.7,20.1,22.4
14-Apr-26 8:00:00 PM BST,59.1,54.6,19.9,22.3
14-Apr-26 8:30:00 PM BST,50.6,55.1,20.5,22.4
14-Apr-26 9:00:00 PM BST,48.0,55.0,20.3,22.3
14-Apr-26 9:30:00 PM BST,54.1,54.2,20.0,22.2
14-Apr-26 10:00:00 PM BST,54.1,54.8,20.5,22.2
14-Apr-26 10:30:00 PM BST,46.6,54.5,20.4,22.2
14-Apr-26 11:00:00 PM BST,52.1,54.2,19.8,21.9
14-Apr-26 11:30:00 PM BST,54.5,54.5,20.2,21.8
15-Apr-26 12:30:00 AM BST,83.5,88.7,32.5,35.7
15-Apr-26 1:00:00 AM BST,47.8,54.6,20.1,21.9
15-Apr-26 1:30:00 AM BST,46.1,54.5,19.7,22.0
15-Apr-26 2:00:00 AM BST,56.2,54.6,19.7,22.1
15-Apr-26 2:30:00 AM BST,50.4,54.8,20.0,22.1
15-Apr-26 3:00:00 AM BST,45.8,54.4,19.8,22.1
15-Apr-26 3:30:00 AM BST,57.7,53.8,19.4,22.1
15-Apr-26 4:00:00 AM BST,49.7,54.5,20.0,22.2
15-Apr-26 4:30:00 AM BST,47.0,55.0,19.8,22.2
15-Apr-26 5:00:00 AM BST,53.1,54.6,19.6,22.1
15-Apr-26 5:30:00 AM BST,53.8,54.5,20.1,22.1
15-Apr-26 6:00:00 AM BST,47.0,54.2,19.8,22.1
15-Apr-26 6:30:00 AM BST,49.0,54.5,19.5,22.1
15-Apr-26 7:00:00 AM BST,56.9,54.8,19.8,22.0
15-Apr-26 7:30:00 AM BST,47.5,54.9,20.0,22.1
15-Apr-26 8:00:00 AM BST,46.2,54.5,19.6,22.0
15-Apr-26 8:30:00 AM BST,59.3,54.8,19.7,22.0
15-Apr-26 9:00:00 AM BST,48.3,55.3,20.2,22.2
15-Apr-26 9:30:00 AM BST,47.0,55.4,19.9,22.4
15-Apr-26 10:00:00 AM BST,57.2,54.9,19.4,22.1
15-Apr-26 10:30:00 AM BST,50.0,55.3,19.9,22.1
15-Apr-26 11:00:00 AM BST,47.6,55.3,20.0,22.1
15-Apr-26 11:30:00 AM BST,48.4,55.4,19.9,22.1
15-Apr-26 12:00:00 PM BST,56.4,54.7,19.5,22.1
15-Apr-26 12:30:00 PM BST,51.1,55.1,20.0,22.1
15-Apr-26 1:00:00 PM BST,46.8,54.7,19.8,22.2
15-Apr-26 1:30:00 PM BST,54.0,54.8,19.5,22.1
15-Apr-26 2:00:00 PM BST,53.0,55.5,20.2,22.1
15-Apr-26 2:30:00 PM BST,47.3,55.1,20.1,22.2
15-Apr-26 3:00:00 PM BST,51.9,54.2,19.4,22.3
15-Apr-26 3:30:00 PM BST,54.7,55.1,20.1,22.4
15-Apr-26 4:00:00 PM BST,48.6,54.8,20.2,22.4
15-Apr-26 4:30:00 PM BST,48.3,54.4,19.6,22.2
15-Apr-26 5:00:00 PM BST,57.9,54.8,19.8,22.1
15-Apr-26 5:30:00 PM BST,48.1,55.0,20.1,22.2
15-Apr-26 6:00:00 PM BST,46.1,54.4,19.7,22.2
15-Apr-26 6:30:00 PM BST,59.0,54.7,19.6,22.1
15-Apr-26 7:00:00 PM BST,48.4,54.8,19.9,22.2
15-Apr-26 7:30:00 PM BST,47.4,54.8,19.7,22.2
15-Apr-26 8:00:00 PM BST,55.2,54.5,19.5,22.1
15-Apr-26 8:30:00 PM BST,51.6,55.0,20.0,22.1
15-Apr-26 9:00:00 PM BST,45.2,54.5,19.6,22.3
15-Apr-26 9:30:00 PM BST,51.3,54.2,19.3,21.9
15-Apr-26 10:00:00 PM BST,51.1,54.4,19.8,21.9
15-Apr-26 10:30:00 PM BST,39.6,54.5,19.8,22.2
15-Apr-26 11:00:00 PM BST,38.2,54.4,19.7,22.3
15-Apr-26 11:30:00 PM BST,42.6,54.1,19.6,22.1
16-Apr-26 12:00:00 AM BST,32.8,54.3,19.9,22.0
16-Apr-26 12:30:00 AM BST,29.9,54.3,19.7,21.9
16-Apr-26 1:00:00 AM BST,31.3,54.1,19.4,21.9
16-Apr-26 1:30:00 AM BST,31.2,54.7,19.9,21.9
16-Apr-26 2:00:00 AM BST,27.8,54.0,19.4,21.9
16-Apr-26 2:30:00 AM BST,30.7,53.7,19.0,21.9
16-Apr-26 3:00:00 AM BST,28.2,54.5,20.0,22.0
16-Apr-26 3:30:00 AM BST,28.8,53.5,19.2,21.9
16-Apr-26 4:00:00 AM BST,27.4,54.6,20.5,22.1
16-Apr-26 4:30:00 AM BST,29.8,53.3,19.4,22.0
16-Apr-26 5:00:00 AM BST,24.6,54.6,20.5,22.0
16-Apr-26 5:30:00 AM BST,33.9,54.5,19.6,22.0
16-Apr-26 6:00:00 AM BST,23.0,55.2,20.1,22.0
16-Apr-26 6:30:00 AM BST,34.2,54.9,19.6,21.9
16-Apr-26 7:00:00 AM BST,23.6,55.3,19.9,22.0
16-Apr-26 7:30:00 AM BST,32.5,55.5,20.2,22.1
16-Apr-26 8:00:00 AM BST,25.8,54.8,19.5,22.0
16-Apr-26 8:30:00 AM BST,37.0,54.8,19.2,21.9
16-Apr-26 9:00:00 AM BST,33.0,54.8,19.4,22.0
16-Apr-26 9:30:00 AM BST,34.5,55.0,19.7,21.9
16-Apr-26 10:00:00 AM BST,37.6,54.9,19.6,22.0
16-Apr-26 10:30:00 AM BST,52.1,55.2,19.8,22.5
16-Apr-26 11:00:00 AM BST,47.4,55.2,19.5,23.0
16-Apr-26 11:30:00 AM BST,50.8,55.1,19.1,23.0
16-Apr-26 12:00:00 PM BST,56.2,55.4,19.6,23.1
16-Apr-26 12:30:00 PM BST,47.9,55.2,19.6,23.2
16-Apr-26 1:00:00 PM BST,49.7,54.6,18.9,23.0
16-Apr-26 1:30:00 PM BST,56.8,54.8,19.6,23.1
16-Apr-26 2:00:00 PM BST,48.0,54.8,19.6,23.0
16-Apr-26 2:30:00 PM BST,49.2,54.6,19.1,22.8
16-Apr-26 3:00:00 PM BST,57.6,54.7,19.4,22.9
16-Apr-26 3:30:00 PM BST,48.1,55.0,19.6,22.9
16-Apr-26 4:00:00 PM BST,47.5,54.3,19.0,22.8
16-Apr-26 4:30:00 PM BST,58.9,54.8,19.3,22.8
16-Apr-26 5:00:00 PM BST,48.7,54.8,19.4,22.7
16-Apr-26 5:30:00 PM BST,46.6,54.9,19.3,22.8
16-Apr-26 6:00:00 PM BST,56.0,54.7,19.0,22.8
16-Apr-26 6:30:00 PM BST,51.7,55.2,19.7,22.9
16-Apr-26 7:00:00 PM BST,48.2,55.0,19.4,22.8
16-Apr-26 7:30:00 PM BST,51.9,54.6,19.0,22.9
16-Apr-26 8:00:00 PM BST,55.6,54.9,19.3,22.8
16-Apr-26 8:30:00 PM BST,48.5,54.9,19.3,22.9
16-Apr-26 9:00:00 PM BST,46.8,54.6,19.1,22.8
16-Apr-26 9:30:00 PM BST,59.3,54.6,19.2,22.8
16-Apr-26 10:00:00 PM BST,47.0,54.7,19.4,22.8
16-Apr-26 10:30:00 PM BST,46.4,54.8,19.0,22.8
16-Apr-26 11:00:00 PM BST,58.3,54.8,19.1,22.8
16-Apr-26 11:30:00 PM BST,48.7,55.3,19.4,22.8
17-Apr-26 12:00:00 AM BST,45.7,54.8,19.3,22.7
17-Apr-26 12:30:00 AM BST,54.7,54.4,19.1,22.7
17-Apr-26 1:00:00 AM BST,48.6,54.8,19.6,22.8
17-Apr-26 1:30:00 AM BST,39.4,54.4,19.4,22.9
17-Apr-26 2:00:00 AM BST,38.6,54.1,19.1,22.8
17-Apr-26 2:30:00 AM BST,40.7,54.4,19.1,22.8
17-Apr-26 3:00:00 AM BST,33.8,54.5,19.4,22.9
17-Apr-26 3:30:00 AM BST,31.3,54.0,18.9,22.8
17-Apr-26 4:00:00 AM BST,36.5,54.2,19.1,22.8
17-Apr-26 4:30:00 AM BST,30.9,54.6,19.2,22.8
17-Apr-26 5:00:00 AM BST,28.9,54.6,19.1,23.0
17-Apr-26 5:30:00 AM BST,32.7,54.2,18.6,23.1
17-Apr-26 6:00:00 AM BST,32.0,54.7,19.3,23.1
17-Apr-26 6:30:00 AM BST,29.4,54.9,19.4,22.8
17-Apr-26 7:00:00 AM BST,29.3,54.2,19.0,22.7
17-Apr-26 7:30:00 AM BST,33.6,54.3,19.3,22.7
17-Apr-26 8:00:00 AM BST,31.1,54.4,19.2,22.7
17-Apr-26 8:30:00 AM BST,31.0,54.6,19.1,22.8
17-Apr-26 9:00:00 AM BST,36.1,54.3,19.1,22.8
17-Apr-26 9:30:00 AM BST,41.6,54.5,19.6,22.9
17-Apr-26 10:00:00 AM BST,43.5,54.8,19.7,23.0
17-Apr-26 10:30:00 AM BST,51.4,54.3,18.9,23.0
17-Apr-26 11:00:00 AM BST,54.5,54.3,19.3,22.8
17-Apr-26 11:30:00 AM BST,47.1,54.3,19.3,22.8
17-Apr-26 12:00:00 PM BST,49.6,53.8,18.9,22.8
17-Apr-26 12:30:00 PM BST,56.8,54.1,19.3,22.8
17-Apr-26 1:00:00 PM BST,47.4,54.5,19.4,22.8
17-Apr-26 1:30:00 PM BST,46.5,54.1,19.1,22.7
17-Apr-26 2:00:00 PM BST,58.4,53.7,19.3,22.6
17-Apr-26 2:30:00 PM BST,47.5,54.4,19.5,22.7
17-Apr-26 3:00:00 PM BST,45.7,53.6,19.0,22.8
17-Apr-26 3:30:00 PM BST,57.7,53.3,18.9,22.9
17-Apr-26 4:00:00 PM BST,49.8,53.4,19.2,22.9
17-Apr-26 4:30:00 PM BST,46.7,53.9,19.1,22.8
17-Apr-26 5:00:00 PM BST,52.9,53.8,18.8,22.7
17-Apr-26 5:30:00 PM BST,53.8,54.4,19.3,22.8
17-Apr-26 6:00:00 PM BST,47.6,54.7,19.5,22.9
17-Apr-26 6:30:00 PM BST,49.2,54.1,19.1,22.8
17-Apr-26 7:00:00 PM BST,57.3,54.4,19.5,22.8
17-Apr-26 7:30:00 PM BST,48.0,54.5,19.6,22.8
17-Apr-26 8:00:00 PM BST,46.2,54.2,19.3,22.9
17-Apr-26 8:30:00 PM BST,58.7,54.4,19.1,22.9
17-Apr-26 9:00:00 PM BST,48.5,54.5,19.4,22.8
17-Apr-26 9:30:00 PM BST,44.4,55.0,19.3,22.8
17-Apr-26 10:00:00 PM BST,59.8,54.8,19.3,22.7
17-Apr-26 10:30:00 PM BST,46.2,55.2,19.8,22.8
17-Apr-26 11:00:00 PM BST,47.1,54.5,19.1,22.7
17-Apr-26 11:30:00 PM BST,58.2,54.9,19.2,22.8
18-Apr-26 12:00:00 AM BST,47.4,55.1,19.5,22.7
18-Apr-26 12:30:00 AM BST,45.2,54.8,18.9,22.8
18-Apr-26 1:00:00 AM BST,56.9,54.5,18.9,22.8
18-Apr-26 1:30:00 AM BST,48.7,54.8,19.4,22.8
18-Apr-26 2:00:00 AM BST,39.4,54.8,19.4,22.7
18-Apr-26 2:30:00 AM BST,37.8,54.3,19.1,22.7
18-Apr-26 3:00:00 AM BST,38.0,54.7,19.4,22.7
18-Apr-26 3:30:00 AM BST,32.1,54.5,19.3,22.6
18-Apr-26 4:00:00 AM BST,30.7,53.8,18.9,22.6
18-Apr-26 4:30:00 AM BST,35.5,53.7,18.9,22.6
18-Apr-26 5:00:00 AM BST,29.4,53.8,19.1,22.7
18-Apr-26 5:30:00 AM BST,26.6,53.9,19.0,22.7
18-Apr-26 6:00:00 AM BST,32.7,54.5,19.4,22.7
18-Apr-26 6:30:00 AM BST,24.8,54.3,19.1,22.7
18-Apr-26 7:00:00 AM BST,31.0,54.4,19.7,22.7
18-Apr-26 7:30:00 AM BST,25.2,54.0,19.2,22.7
18-Apr-26 8:00:00 AM BST,32.9,54.2,19.6,22.7
18-Apr-26 8:30:00 AM BST,30.0,54.4,18.8,22.7
18-Apr-26 9:00:00 AM BST,33.2,54.2,18.7,22.7
18-Apr-26 9:30:00 AM BST,38.0,54.9,19.3,22.8
18-Apr-26 10:00:00 AM BST,37.7,54.7,19.3,22.8
18-Apr-26 10:30:00 AM BST,43.3,54.5,19.0,22.8
18-Apr-26 11:00:00 AM BST,58.0,54.5,19.0,22.7
18-Apr-26 11:30:00 AM BST,49.3,54.9,19.4,22.8
18-Apr-26 12:00:00 PM BST,45.2,54.5,19.1,22.7
18-Apr-26 12:30:00 PM BST,56.8,54.9,18.9,22.7
18-Apr-26 1:00:00 PM BST,51.3,55.0,19.5,22.7
18-Apr-26 1:30:00 PM BST,45.8,54.8,19.3,22.7
18-Apr-26 2:00:00 PM BST,54.2,54.5,18.9,22.7
18-Apr-26 2:30:00 PM BST,53.0,54.8,19.5,22.7
18-Apr-26 3:00:00 PM BST,47.5,54.4,19.4,22.7
18-Apr-26 3:30:00 PM BST,50.8,54.3,18.8,22.6
18-Apr-26 4:00:00 PM BST,55.0,54.7,19.3,22.8
18-Apr-26 4:30:00 PM BST,47.6,55.3,19.6,22.8
18-Apr-26 5:00:00 PM BST,48.4,54.6,19.2,22.6
18-Apr-26 5:30:00 PM BST,58.0,54.6,19.4,22.7
18-Apr-26 6:00:00 PM BST,48.4,54.8,19.6,22.9
18-Apr-26 6:30:00 PM BST,45.3,54.1,19.1,22.9
18-Apr-26 7:00:00 PM BST,57.9,53.8,18.8,22.7
18-Apr-26 7:30:00 PM BST,49.6,55.1,19.4,22.8
18-Apr-26 8:00:00 PM BST,47.5,54.7,19.1,22.8
18-Apr-26 8:30:00 PM BST,52.7,54.4,18.8,22.8
18-Apr-26 9:00:00 PM BST,54.2,54.6,19.2,23.0
18-Apr-26 9:30:00 PM BST,46.6,55.0,19.2,22.8
18-Apr-26 10:00:00 PM BST,49.7,54.4,18.8,22.7
18-Apr-26 10:30:00 PM BST,54.2,54.7,19.0,22.9
18-Apr-26 11:00:00 PM BST,41.9,54.8,19.2,22.9
18-Apr-26 11:30:00 PM BST,39.8,54.5,19.0,23.1
19-Apr-26 12:00:00 AM BST,40.3,54.5,18.9,22.9
19-Apr-26 12:30:00 AM BST,36.5,55.0,19.2,22.9
19-Apr-26 1:00:00 AM BST,30.7,54.8,19.2,22.8
19-Apr-26 1:30:00 AM BST,30.2,54.4,18.7,22.7
19-Apr-26 2:00:00 AM BST,31.6,55.3,19.6,22.8
19-Apr-26 2:30:00 AM BST,26.1,54.8,19.0,22.8
19-Apr-26 3:00:00 AM BST,25.3,56.1,20.4,22.8
19-Apr-26 3:30:00 AM BST,25.9,55.9,20.4,22.9
19-Apr-26 4:00:00 AM BST,25.4,55.8,20.4,22.8
19-Apr-26 4:30:00 AM BST,25.1,55.9,20.3,22.9
19-Apr-26 5:00:00 AM BST,25.1,55.9,20.5,23.1
19-Apr-26 5:30:00 AM BST,24.9,56.2,20.4,22.9
19-Apr-26 6:00:00 AM BST,24.9,56.3,20.4,22.8
19-Apr-26 6:30:00 AM BST,24.7,56.3,20.4,22.8
19-Apr-26 7:00:00 AM BST,24.6,56.0,20.4,22.8
19-Apr-26 7:30:00 AM BST,24.7,55.8,20.4,22.7
19-Apr-26 8:00:00 AM BST,24.6,55.6,20.4,22.7
19-Apr-26 8:30:00 AM BST,25.3,55.7,20.5,22.8
19-Apr-26 9:00:00 AM BST,31.6,54.9,20.1,22.8
19-Apr-26 9:30:00 AM BST,31.8,53.5,18.6,22.7
19-Apr-26 10:00:00 AM BST,32.8,53.8,18.9,22.7
19-Apr-26 10:30:00 AM BST,31.0,54.1,18.9,22.7
19-Apr-26 11:00:00 AM BST,31.9,53.9,18.7,22.6
19-Apr-26 11:30:00 AM BST,40.0,54.1,18.9,22.6
19-Apr-26 12:00:00 PM BST,36.8,54.2,19.1,22.6
19-Apr-26 12:30:00 PM BST,36.2,54.3,18.9,22.6
19-Apr-26 1:00:00 PM BST,56.5,54.1,18.9,22.6
19-Apr-26 1:30:00 PM BST,46.2,54.4,19.0,22.7
19-Apr-26 2:00:00 PM BST,46.7,53.8,18.6,22.7
19-Apr-26 2:30:00 PM BST,58.9,53.7,18.9,22.7
19-Apr-26 3:00:00 PM BST,46.0,54.0,19.1,22.7
19-Apr-26 3:30:00 PM BST,47.2,53.8,18.4,22.5
19-Apr-26 4:00:00 PM BST,58.1,53.7,18.6,22.6
19-Apr-26 4:30:00 PM BST,46.8,54.4,19.1,22.5
19-Apr-26 5:00:00 PM BST,45.6,54.2,18.7,22.6
19-Apr-26 5:30:00 PM BST,58.5,54.1,18.7,22.6
19-Apr-26 6:00:00 PM BST,48.8,54.3,19.1,22.6
19-Apr-26 6:30:00 PM BST,45.6,53.5,18.7,22.5
19-Apr-26 7:00:00 PM BST,55.2,53.3,18.5,22.6
19-Apr-26 7:30:00 PM BST,51.5,53.9,19.1,22.8
19-Apr-26 8:00:00 PM BST,46.0,53.9,19.1,22.8
19-Apr-26 8:30:00 PM BST,50.4,53.0,18.4,22.6
19-Apr-26 9:00:00 PM BST,53.0,53.4,19.0,22.6
19-Apr-26 9:30:00 PM BST,41.6,53.7,19.1,22.7
19-Apr-26 10:00:00 PM BST,36.0,53.5,18.9,22.7
19-Apr-26 10:30:00 PM BST,37.5,53.6,18.8,22.6
19-Apr-26 11:00:00 PM BST,29.7,53.7,19.1,22.6
19-Apr-26 11:30:00 PM BST,25.9,53.4,18.8,22.6
20-Apr-26 12:00:00 AM BST,30.6,54.1,19.6,22.6
20-Apr-26 12:30:00 AM BST,24.6,53.8,18.8,22.7
20-Apr-26 1:00:00 AM BST,23.5,55.1,20.1,22.6
20-Apr-26 1:30:00 AM BST,24.5,55.3,20.2,22.6
20-Apr-26 2:00:00 AM BST,24.3,55.0,20.4,22.6
20-Apr-26 2:30:00 AM BST,24.1,55.1,20.3,22.6
20-Apr-26 3:00:00 AM BST,23.8,55.3,20.3,22.7
20-Apr-26 3:30:00 AM BST,23.6,55.4,20.3,22.4
20-Apr-26 4:00:00 AM BST,23.1,55.2,20.2,20.3
20-Apr-26 4:30:00 AM BST,22.6,55.0,20.1,20.3
20-Apr-26 5:00:00 AM BST,22.5,54.8,20.0,20.3
20-Apr-26 5:30:00 AM BST,22.4,54.9,19.9,20.2
20-Apr-26 6:00:00 AM BST,22.2,54.7,19.8,20.1
20-Apr-26 6:30:00 AM BST,22.1,55.1,19.8,20.1
20-Apr-26 7:00:00 AM BST,22.1,55.0,19.8,20.1
20-Apr-26 7:30:00 AM BST,21.8,55.3,19.9,20.1
20-Apr-26 8:00:00 AM BST,22.1,55.4,19.9,20.2
20-Apr-26 8:30:00 AM BST,23.1,55.3,20.2,20.4
20-Apr-26 9:00:00 AM BST,24.0,55.1,20.1,20.3
20-Apr-26 9:30:00 AM BST,25.1,55.2,20.0,20.3
20-Apr-26 10:00:00 AM BST,30.8,54.3,19.2,20.4
20-Apr-26 10:30:00 AM BST,23.6,54.7,19.7,20.3
20-Apr-26 11:00:00 AM BST,33.6,54.0,18.9,20.3
20-Apr-26 11:30:00 AM BST,30.5,54.0,18.8,20.3
20-Apr-26 12:00:00 PM BST,28.3,54.0,18.9,20.4
20-Apr-26 12:30:00 PM BST,36.1,53.2,18.7,20.3
20-Apr-26 1:00:00 PM BST,33.5,53.4,18.9,20.3
20-Apr-26 1:30:00 PM BST,33.1,53.6,18.8,20.2
20-Apr-26 2:00:00 PM BST,36.6,53.6,18.8,20.2
20-Apr-26 2:30:00 PM BST,43.6,54.1,18.8,20.3
20-Apr-26 3:00:00 PM BST,40.2,54.0,19.3,20.3
20-Apr-26 3:30:00 PM BST,41.2,53.6,19.1,20.3
20-Apr-26 4:00:00 PM BST,53.1,53.0,18.9,20.4
20-Apr-26 4:30:00 PM BST,50.1,53.6,19.2,20.3
20-Apr-26 5:00:00 PM BST,43.8,53.6,19.0,20.2
20-Apr-26 5:30:00 PM BST,50.3,53.5,18.6,20.2
20-Apr-26 6:00:00 PM BST,52.0,53.7,18.9,20.2
20-Apr-26 6:30:00 PM BST,45.2,53.7,18.8,20.0
20-Apr-26 7:00:00 PM BST,48.4,53.4,18.5,20.0
20-Apr-26 7:30:00 PM BST,53.7,53.5,18.8,20.1
20-Apr-26 8:00:00 PM BST,39.8,53.6,18.8,20.1
20-Apr-26 8:30:00 PM BST,37.0,53.7,18.4,20.1
20-Apr-26 9:00:00 PM BST,37.4,53.2,18.6,20.1
20-Apr-26 9:30:00 PM BST,28.3,53.6,19.2,20.1
20-Apr-26 10:00:00 PM BST,22.9,53.5,19.2,20.2
20-Apr-26 10:30:00 PM BST,23.8,54.3,20.3,20.1
20-Apr-26 11:00:00 PM BST,23.9,54.4,20.4,20.2
20-Apr-26 11:30:00 PM BST,23.8,55.1,20.5,20.1
21-Apr-26 12:00:00 AM BST,23.4,55.0,20.6,20.2
21-Apr-26 12:30:00 AM BST,23.1,55.1,20.7,20.2
21-Apr-26 1:00:00 AM BST,22.9,54.7,20.6,20.2
21-Apr-26 1:30:00 AM BST,22.7,55.1,20.6,20.2
21-Apr-26 2:00:00 AM BST,22.5,54.8,20.4,20.2
21-Apr-26 2:30:00 AM BST,22.1,54.0,20.3,20.1
21-Apr-26 3:00:00 AM BST,22.0,54.2,20.2,20.1
21-Apr-26 3:30:00 AM BST,22.0,54.8,20.3,20.2
21-Apr-26 4:00:00 AM BST,22.0,54.6,20.4,20.1
21-Apr-26 4:30:00 AM BST,22.1,54.9,20.5,20.1
21-Apr-26 5:00:00 AM BST,22.1,55.0,20.5,20.0
21-Apr-26 5:30:00 AM BST,22.0,54.5,20.4,20.1
21-Apr-26 6:00:00 AM BST,22.0,54.7,20.4,20.1
21-Apr-26 6:30:00 AM BST,22.1,55.2,20.6,20.1
21-Apr-26 7:00:00 AM BST,22.3,55.3,20.7,20.1
21-Apr-26 7:30:00 AM BST,22.1,55.2,20.7,20.1
21-Apr-26 8:00:00 AM BST,22.4,54.8,20.5,20.0
21-Apr-26 8:30:00 AM BST,23.1,54.7,20.4,20.1
21-Apr-26 9:00:00 AM BST,23.8,54.5,20.3,20.1
21-Apr-26 9:30:00 AM BST,24.6,55.0,20.6,20.2
21-Apr-26 10:00:00 AM BST,26.3,55.0,20.6,20.2
21-Apr-26 10:30:00 AM BST,29.0,53.6,19.2,20.1
21-Apr-26 11:00:00 AM BST,27.0,54.2,19.8,20.2
21-Apr-26 11:30:00 AM BST,22.2,54.1,19.1,20.1
21-Apr-26 12:00:00 PM BST,35.1,54.4,20.1,20.1
21-Apr-26 12:30:00 PM BST,24.6,54.2,20.4,19.3
21-Apr-26 1:00:00 PM BST,38.7,54.4,21.2,14.3
21-Apr-26 1:30:00 PM BST,19.8,22.6,18.1,0.0
21-Apr-26 2:00:00 PM BST,12.8,5.4,15.2,0.0
21-Apr-26 2:30:00 PM BST,6.8,4.8,15.1,0.0
21-Apr-26 3:00:00 PM BST,8.5,4.8,14.7,0.0
21-Apr-26 3:30:00 PM BST,10.1,4.7,14.4,0.0
21-Apr-26 4:00:00 PM BST,7.3,4.8,15.0,0.0
21-Apr-26 4:30:00 PM BST,7.1,4.7,15.0,0.0
21-Apr-26 5:00:00 PM BST,10.2,4.7,15.1,0.0
21-Apr-26 5:30:00 PM BST,4.4,4.7,15.2,0.0
21-Apr-26 6:00:00 PM BST,12.6,4.7,5.5,7.9
21-Apr-26 6:30:00 PM BST,1.5,4.7,0.0,11.4
21-Apr-26 7:00:00 PM BST,10.8,1.8,3.8,9.4
21-Apr-26 7:30:00 PM BST,1.4,0.0,6.7,9.6
21-Apr-26 8:00:00 PM BST,7.9,5.6,8.7,11.1
21-Apr-26 8:30:00 PM BST,9.0,5.7,8.7,10.8
21-Apr-26 9:00:00 PM BST,5.5,5.7,8.7,10.8
21-Apr-26 9:30:00 PM BST,11.7,5.7,8.7,10.8
21-Apr-26 10:00:00 PM BST,2.1,5.7,8.7,10.7
21-Apr-26 10:30:00 PM BST,11.3,5.6,8.7,10.7
21-Apr-26 11:00:00 PM BST,4.0,5.7,8.8,10.7
21-Apr-26 11:30:00 PM BST,9.3,5.6,8.8,10.7
22-Apr-26 12:00:00 AM BST,5.1,5.6,8.8,10.8
22-Apr-26 12:30:00 AM BST,7.9,5.7,8.8,10.7
22-Apr-26 1:00:00 AM BST,5.9,5.6,8.8,10.7
22-Apr-26 1:30:00 AM BST,7.1,5.6,8.8,10.8
22-Apr-26 2:00:00 AM BST,6.5,5.6,8.8,10.7
22-Apr-26 2:30:00 AM BST,6.4,5.6,8.8,10.8
22-Apr-26 3:00:00 AM BST,6.9,5.6,8.8,10.8
22-Apr-26 3:30:00 AM BST,5.9,5.6,8.8,10.7
22-Apr-26 4:00:00 AM BST,7.3,5.6,8.8,10.7
22-Apr-26 4:30:00 AM BST,5.5,5.6,8.8,10.7
22-Apr-26 5:00:00 AM BST,7.6,5.6,8.8,10.7
22-Apr-26 5:30:00 AM BST,5.3,5.6,8.8,10.7
22-Apr-26 6:00:00 AM BST,7.8,5.6,8.8,10.7
22-Apr-26 6:30:00 AM BST,5.1,5.6,8.8,10.7
22-Apr-26 7:00:00 AM BST,7.9,5.6,8.7,10.7
22-Apr-26 7:30:00 AM BST,4.7,5.6,8.7,10.7
22-Apr-26 8:00:00 AM BST,7.8,5.6,8.7,10.6
22-Apr-26 8:30:00 AM BST,5.0,5.6,8.7,10.6
22-Apr-26 9:00:00 AM BST,10.1,6.1,8.8,10.7
22-Apr-26 9:30:00 AM BST,4.1,10.6,9.9,11.4
22-Apr-26 10:00:00 AM BST,20.0,39.5,13.7,16.8
22-Apr-26 10:30:00 AM BST,24.2,51.9,14.2,19.9
22-Apr-26 11:00:00 AM BST,28.5,53.3,18.3,19.9
22-Apr-26 11:30:00 AM BST,28.9,52.2,17.8,20.0
22-Apr-26 12:00:00 PM BST,36.1,52.5,18.9,20.1
22-Apr-26 12:30:00 PM BST,32.1,52.5,19.5,20.4
22-Apr-26 1:00:00 PM BST,35.4,52.4,19.6,20.6
22-Apr-26 1:30:00 PM BST,45.6,53.0,19.7,20.6
22-Apr-26 2:00:00 PM BST,53.0,53.2,19.9,20.4
22-Apr-26 2:30:00 PM BST,45.6,53.2,19.8,20.4
22-Apr-26 3:00:00 PM BST,47.1,52.6,19.3,20.3
22-Apr-26 3:30:00 PM BST,56.9,53.4,19.5,20.5
22-Apr-26 4:00:00 PM BST,45.9,53.6,19.5,20.5
22-Apr-26 4:30:00 PM BST,44.5,53.2,19.6,20.5
22-Apr-26 5:00:00 PM BST,56.2,52.6,19.4,20.4
22-Apr-26 5:30:00 PM BST,49.2,52.8,19.9,20.3
22-Apr-26 6:00:00 PM BST,43.6,51.8,19.4,20.3
22-Apr-26 6:30:00 PM BST,53.9,51.4,18.9,20.4
22-Apr-26 7:00:00 PM BST,51.0,51.0,19.2,20.3
22-Apr-26 7:30:00 PM BST,43.2,50.2,18.9,19.9
22-Apr-26 8:00:00 PM BST,49.8,49.5,18.3,19.8
22-Apr-26 8:30:00 PM BST,45.1,50.5,19.0,19.6
22-Apr-26 9:00:00 PM BST,34.5,49.2,18.1,19.2
22-Apr-26 9:30:00 PM BST,35.1,48.6,18.3,19.2
22-Apr-26 10:00:00 PM BST,31.2,48.3,18.3,18.9
22-Apr-26 10:30:00 PM BST,20.5,48.3,18.8,18.8
22-Apr-26 11:00:00 PM BST,22.5,48.5,19.6,18.8
22-Apr-26 11:30:00 PM BST,22.4,48.8,19.8,18.8
23-Apr-26 12:00:00 AM BST,21.9,48.5,19.5,18.7
23-Apr-26 12:30:00 AM BST,21.6,49.1,19.9,18.8
23-Apr-26 1:00:00 AM BST,21.6,48.9,19.7,18.8
23-Apr-26 1:30:00 AM BST,21.5,49.3,20.4,19.1
23-Apr-26 2:00:00 AM BST,21.4,49.3,20.4,18.9
23-Apr-26 2:30:00 AM BST,21.3,49.3,20.5,18.9
23-Apr-26 3:00:00 AM BST,21.0,49.3,20.4,18.9
23-Apr-26 3:30:00 AM BST,20.8,49.3,20.5,19.0
23-Apr-26 4:00:00 AM BST,20.6,49.5,20.3,19.0
23-Apr-26 4:30:00 AM BST,20.4,49.5,20.4,18.9
23-Apr-26 5:00:00 AM BST,20.3,49.4,20.4,18.8
23-Apr-26 5:30:00 AM BST,20.3,49.3,20.4,18.9
23-Apr-26 6:00:00 AM BST,20.3,49.5,20.4,18.9
23-Apr-26 6:30:00 AM BST,20.2,49.8,20.1,18.9
23-Apr-26 7:00:00 AM BST,20.2,49.5,20.0,18.9
23-Apr-26 7:30:00 AM BST,19.6,49.8,20.3,19.0
23-Apr-26 8:00:00 AM BST,19.6,50.0,20.3,19.0
23-Apr-26 8:30:00 AM BST,20.4,49.6,20.5,18.9
23-Apr-26 9:00:00 AM BST,21.4,49.9,20.5,19.0
23-Apr-26 9:30:00 AM BST,22.1,50.3,20.4,19.1
23-Apr-26 10:00:00 AM BST,24.8,50.9,20.2,19.3
23-Apr-26 10:30:00 AM BST,26.4,49.8,18.9,19.2
23-Apr-26 11:00:00 AM BST,26.4,50.6,20.1,19.3
23-Apr-26 11:30:00 AM BST,29.9,49.4,18.9,19.3
23-Apr-26 12:00:00 PM BST,32.1,50.0,19.6,19.4
23-Apr-26 12:30:00 PM BST,29.3,50.4,19.5,19.7
23-Apr-26 1:00:00 PM BST,35.5,49.8,18.9,19.8
23-Apr-26 1:30:00 PM BST,43.5,51.1,19.3,20.2
23-Apr-26 2:00:00 PM BST,48.9,52.2,19.9,20.4
23-Apr-26 2:30:00 PM BST,45.3,51.8,19.6,20.3
23-Apr-26 3:00:00 PM BST,51.5,51.2,19.3,20.2
23-Apr-26 3:30:00 PM BST,54.2,52.0,19.7,20.2
23-Apr-26 4:00:00 PM BST,58.4,50.5,18.6,20.4
23-Apr-26 4:30:00 PM BST,58.6,51.3,18.8,20.5
23-Apr-26 5:00:00 PM BST,58.5,51.4,18.9,20.6
23-Apr-26 5:30:00 PM BST,58.6,51.2,19.1,20.6
23-Apr-26 6:00:00 PM BST,58.5,51.0,18.8,20.6
23-Apr-26 6:30:00 PM BST,58.4,50.8,18.9,20.4
23-Apr-26 7:00:00 PM BST,58.4,50.3,18.7,20.1
23-Apr-26 7:30:00 PM BST,58.4,50.5,18.9,20.0
23-Apr-26 8:00:00 PM BST,57.9,50.4,18.9,19.9
23-Apr-26 8:30:00 PM BST,57.6,50.3,18.8,19.9
23-Apr-26 9:00:00 PM BST,55.9,50.3,18.7,20.0
23-Apr-26 9:30:00 PM BST,35.8,50.7,19.0,20.1
23-Apr-26 10:00:00 PM BST,33.2,51.3,19.9,20.1
23-Apr-26 10:30:00 PM BST,24.8,51.0,19.4,20.1
23-Apr-26 11:00:00 PM BST,32.2,50.9,19.4,20.1
23-Apr-26 11:30:00 PM BST,23.5,51.4,19.8,20.1
24-Apr-26 12:00:00 AM BST,30.9,51.1,19.4,20.0
24-Apr-26 12:30:00 AM BST,21.1,52.0,19.9,19.9
24-Apr-26 1:00:00 AM BST,22.8,52.5,20.7,20.2
24-Apr-26 1:30:00 AM BST,28.5,52.5,20.5,20.2
24-Apr-26 2:00:00 AM BST,22.6,51.5,19.6,19.9
24-Apr-26 2:30:00 AM BST,21.3,53.1,20.8,20.0
24-Apr-26 3:00:00 AM BST,26.1,52.7,20.7,19.9
24-Apr-26 3:30:00 AM BST,24.7,51.9,19.6,19.8
24-Apr-26 4:00:00 AM BST,20.0,53.4,20.5,20.1
24-Apr-26 4:30:00 AM BST,25.6,53.4,20.7,20.1
24-Apr-26 5:00:00 AM BST,23.2,52.0,19.2,20.0
24-Apr-26 5:30:00 AM BST,19.9,53.8,20.6,20.3
24-Apr-26 6:00:00 AM BST,23.7,54.0,20.8,20.3
24-Apr-26 6:30:00 AM BST,26.1,53.1,19.7,20.2
24-Apr-26 7:00:00 AM BST,20.0,53.3,19.7,20.2
24-Apr-26 7:30:00 AM BST,20.0,54.1,20.7,20.1
24-Apr-26 8:00:00 AM BST,25.7,53.5,20.2,20.3
24-Apr-26 8:30:00 AM BST,21.6,53.2,19.4,20.2
24-Apr-26 9:00:00 AM BST,20.3,54.2,20.6,20.4
24-Apr-26 9:30:00 AM BST,27.8,54.1,20.5,20.5
24-Apr-26 10:00:00 AM BST,26.9,52.8,19.4,20.5
24-Apr-26 10:30:00 AM BST,28.7,52.9,19.4,20.4
24-Apr-26 11:00:00 AM BST,29.2,52.4,19.4,20.6
24-Apr-26 11:30:00 AM BST,31.2,53.2,19.5,20.5
24-Apr-26 12:00:00 PM BST,34.4,52.8,19.3,20.4
24-Apr-26 12:30:00 PM BST,37.7,52.4,19.3,20.4
24-Apr-26 1:00:00 PM BST,41.8,52.4,19.2,20.4
24-Apr-26 1:30:00 PM BST,56.2,53.2,19.1,20.6
24-Apr-26 2:00:00 PM BST,43.7,54.1,20.1,20.7
24-Apr-26 2:30:00 PM BST,58.4,53.8,19.3,20.6
24-Apr-26 3:00:00 PM BST,58.1,52.8,18.5,20.5
24-Apr-26 3:30:00 PM BST,57.4,51.9,18.5,20.4
24-Apr-26 4:00:00 PM BST,58.1,52.6,18.7,20.5
24-Apr-26 4:30:00 PM BST,58.2,52.9,19.2,20.6
24-Apr-26 5:00:00 PM BST,58.3,52.6,19.0,20.9
24-Apr-26 5:30:00 PM BST,58.6,53.3,19.1,21.0
24-Apr-26 6:00:00 PM BST,58.3,53.3,18.9,21.0
24-Apr-26 6:30:00 PM BST,58.7,53.8,19.1,20.9
24-Apr-26 7:00:00 PM BST,58.6,53.6,18.9,21.0
24-Apr-26 7:30:00 PM BST,58.5,53.5,19.2,20.9
24-Apr-26 8:00:00 PM BST,58.3,53.3,19.2,21.1
24-Apr-26 8:30:00 PM BST,57.7,53.4,19.1,20.9
24-Apr-26 9:00:00 PM BST,57.5,53.2,18.9,21.1
24-Apr-26 9:30:00 PM BST,56.5,53.5,18.8,21.0
24-Apr-26 10:00:00 PM BST,42.4,53.5,18.8,20.9
24-Apr-26 10:30:00 PM BST,31.0,55.4,20.7,21.1
24-Apr-26 11:00:00 PM BST,27.2,54.9,20.0,21.0
24-Apr-26 11:30:00 PM BST,23.8,55.6,20.7,21.1
25-Apr-26 12:00:00 AM BST,31.1,55.1,20.3,21.1
25-Apr-26 12:30:00 AM BST,27.0,54.4,19.5,21.1
25-Apr-26 1:00:00 AM BST,26.2,54.0,19.3,21.0
25-Apr-26 1:30:00 AM BST,25.9,54.6,19.6,20.8
25-Apr-26 2:00:00 AM BST,25.4,54.5,19.5,20.8
25-Apr-26 2:30:00 AM BST,25.0,54.4,19.6,20.8
25-Apr-26 3:00:00 AM BST,24.4,54.1,19.5,20.8
25-Apr-26 3:30:00 AM BST,24.3,54.4,19.5,20.7
25-Apr-26 4:00:00 AM BST,24.4,54.3,19.4,20.7
25-Apr-26 4:30:00 AM BST,24.2,54.5,19.4,20.7
25-Apr-26 5:00:00 AM BST,24.0,54.1,19.4,20.7
25-Apr-26 5:30:00 AM BST,23.9,54.3,19.3,20.6
25-Apr-26 6:00:00 AM BST,23.7,54.0,19.1,20.7
25-Apr-26 6:30:00 AM BST,23.8,54.5,19.5,20.8
25-Apr-26 7:00:00 AM BST,23.8,54.5,19.6,21.1
25-Apr-26 7:30:00 AM BST,23.8,54.6,19.6,21.1
25-Apr-26 8:00:00 AM BST,23.7,54.5,19.6,21.1
25-Apr-26 8:30:00 AM BST,24.7,54.7,19.5,21.1
25-Apr-26 9:00:00 AM BST,25.9,54.4,19.4,21.3
25-Apr-26 9:30:00 AM BST,27.1,54.6,20.0,21.3
25-Apr-26 10:00:00 AM BST,27.9,54.0,19.7,21.3
25-Apr-26 10:30:00 AM BST,29.1,54.4,19.9,21.3
25-Apr-26 11:00:00 AM BST,31.1,54.2,19.6,21.2
25-Apr-26 11:30:00 AM BST,32.9,54.2,19.7,21.3
25-Apr-26 12:00:00 PM BST,35.3,54.0,19.4,21.2
25-Apr-26 12:30:00 PM BST,39.5,54.6,19.5,21.0
25-Apr-26 1:00:00 PM BST,50.8,54.7,19.5,21.1
25-Apr-26 1:30:00 PM BST,56.8,54.2,19.0,21.0
25-Apr-26 2:00:00 PM BST,42.9,54.7,19.3,21.0
25-Apr-26 2:30:00 PM BST,57.7,55.3,19.9,21.0
25-Apr-26 3:00:00 PM BST,57.6,54.1,18.8,20.9
25-Apr-26 3:30:00 PM BST,57.7,54.2,18.7,20.9
25-Apr-26 4:00:00 PM BST,58.8,54.1,18.7,21.0
25-Apr-26 4:30:00 PM BST,58.7,54.3,18.8,21.0
25-Apr-26 5:00:00 PM BST,58.7,54.3,18.9,21.0
25-Apr-26 5:30:00 PM BST,58.5,53.8,18.8,21.0
25-Apr-26 6:00:00 PM BST,58.9,53.3,18.8,20.9
25-Apr-26 6:30:00 PM BST,58.8,54.2,18.9,21.0
25-Apr-26 7:00:00 PM BST,58.5,54.2,18.9,20.9
25-Apr-26 7:30:00 PM BST,58.6,54.3,19.1,20.9
25-Apr-26 8:00:00 PM BST,58.7,54.2,19.1,20.9
25-Apr-26 8:30:00 PM BST,58.6,54.1,19.3,20.8
25-Apr-26 9:00:00 PM BST,58.5,53.9,19.1,20.8
25-Apr-26 9:30:00 PM BST,58.6,54.3,19.1,20.9
25-Apr-26 10:00:00 PM BST,58.5,54.3,19.2,21.0
25-Apr-26 10:30:00 PM BST,58.6,54.4,19.2,20.9
25-Apr-26 11:00:00 PM BST,58.4,54.3,19.1,20.9
25-Apr-26 11:30:00 PM BST,58.0,54.4,19.2,21.0
26-Apr-26 12:00:00 AM BST,57.4,54.2,19.1,20.9
26-Apr-26 12:30:00 AM BST,57.5,54.1,19.1,20.9
26-Apr-26 1:00:00 AM BST,57.1,53.9,19.0,20.9
26-Apr-26 1:30:00 AM BST,55.6,54.2,18.7,21.0
26-Apr-26 2:00:00 AM BST,34.8,54.2,18.7,21.1
26-Apr-26 2:30:00 AM BST,33.7,55.6,20.4,21.1
26-Apr-26 3:00:00 AM BST,25.2,54.9,19.8,21.1
26-Apr-26 3:30:00 AM BST,27.0,55.9,20.5,21.2
26-Apr-26 4:00:00 AM BST,29.8,55.1,19.8,21.1
26-Apr-26 4:30:00 AM BST,27.4,54.9,19.2,21.0
26-Apr-26 5:00:00 AM BST,27.2,54.6,18.9,21.0
26-Apr-26 5:30:00 AM BST,27.0,54.8,19.2,21.0
26-Apr-26 6:00:00 AM BST,26.8,54.6,19.1,20.8
26-Apr-26 6:30:00 AM BST,26.7,54.8,19.0,20.8
26-Apr-26 7:00:00 AM BST,27.0,54.6,18.8,20.9
26-Apr-26 7:30:00 AM BST,27.1,54.4,18.8,20.9
26-Apr-26 8:00:00 AM BST,27.6,53.9,18.5,20.9
26-Apr-26 8:30:00 AM BST,28.3,54.4,19.0,20.9
26-Apr-26 9:00:00 AM BST,30.2,54.4,18.8,20.9
26-Apr-26 9:30:00 AM BST,34.2,54.3,19.0,20.9
26-Apr-26 10:00:00 AM BST,38.5,54.0,19.1,20.9
26-Apr-26 10:30:00 AM BST,41.4,54.2,19.3,20.8
26-Apr-26 11:00:00 AM BST,51.3,53.8,18.7,20.7
26-Apr-26 11:30:00 AM BST,42.3,54.2,19.3,20.7
26-Apr-26 12:00:00 PM BST,59.6,53.8,19.4,20.8
26-Apr-26 12:30:00 PM BST,58.1,53.2,18.8,20.6
26-Apr-26 1:00:00 PM BST,58.2,52.8,19.0,20.7
26-Apr-26 1:30:00 PM BST,58.0,52.8,19.1,20.8
26-Apr-26 2:00:00 PM BST,58.3,52.5,18.9,20.7
26-Apr-26 2:30:00 PM BST,58.1,52.4,19.0,20.7
26-Apr-26 3:00:00 PM BST,58.2,52.0,18.9,20.7
26-Apr-26 3:30:00 PM BST,58.5,52.1,18.9,20.6
26-Apr-26 4:00:00 PM BST,58.5,51.9,18.6,20.5
26-Apr-26 4:30:00 PM BST,58.5,52.2,18.9,20.4
26-Apr-26 5:00:00 PM BST,58.6,51.8,18.9,20.4
26-Apr-26 5:30:00 PM BST,58.5,52.2,18.9,20.4
26-Apr-26 6:00:00 PM BST,58.5,51.8,19.0,20.6
26-Apr-26 6:30:00 PM BST,58.4,51.9,19.0,20.6
26-Apr-26 7:00:00 PM BST,58.3,51.6,19.0,20.6
26-Apr-26 7:30:00 PM BST,58.3,51.8,19.0,20.7
26-Apr-26 8:00:00 PM BST,58.2,51.8,19.0,20.8
26-Apr-26 8:30:00 PM BST,57.7,51.7,18.9,20.8
26-Apr-26 9:00:00 PM BST,57.3,51.4,18.9,21.1
26-Apr-26 9:30:00 PM BST,54.9,51.6,18.9,21.1
26-Apr-26 10:00:00 PM BST,37.3,52.4,19.3,21.1
26-Apr-26 10:30:00 PM BST,35.8,53.6,20.0,21.0
26-Apr-26 11:00:00 PM BST,27.7,53.0,19.2,20.8
26-Apr-26 11:30:00 PM BST,31.6,52.9,19.7,20.7
27-Apr-26 12:00:00 AM BST,21.8,53.3,20.1,20.8
27-Apr-26 12:30:00 AM BST,30.1,53.9,20.7,20.8
27-Apr-26 1:00:00 AM BST,29.9,53.2,19.4,20.8
27-Apr-26 1:30:00 AM BST,27.8,53.1,19.3,20.8
27-Apr-26 2:00:00 AM BST,27.5,53.1,19.3,20.8
27-Apr-26 2:30:00 AM BST,27.0,53.5,19.0,20.8
27-Apr-26 3:00:00 AM BST,26.8,53.4,18.9,20.8
27-Apr-26 3:30:00 AM BST,26.7,53.8,19.2,20.8
27-Apr-26 4:00:00 AM BST,26.4,53.7,19.0,20.9
27-Apr-26 4:30:00 AM BST,26.2,53.9,19.2,20.7
27-Apr-26 5:00:00 AM BST,26.0,53.6,19.1,20.7
27-Apr-26 5:30:00 AM BST,25.6,53.6,19.1,20.7
27-Apr-26 6:00:00 AM BST,25.2,53.6,19.0,20.7
27-Apr-26 6:30:00 AM BST,25.2,53.8,19.1,20.6
27-Apr-26 7:00:00 AM BST,25.3,53.8,18.9,20.6
27-Apr-26 7:30:00 AM BST,25.7,53.2,18.8,20.6
27-Apr-26 8:00:00 AM BST,26.6,52.8,18.7,20.5
27-Apr-26 8:30:00 AM BST,28.7,52.9,18.8,20.5
27-Apr-26 9:00:00 AM BST,31.8,52.7,18.7,20.5
27-Apr-26 9:30:00 AM BST,35.1,52.5,18.8,20.5
27-Apr-26 10:00:00 AM BST,37.3,52.1,19.0,20.6
27-Apr-26 10:30:00 AM BST,41.2,53.2,19.2,20.5
27-Apr-26 11:00:00 AM BST,55.4,53.0,19.2,20.6
27-Apr-26 11:30:00 AM BST,49.0,53.3,19.9,20.8
27-Apr-26 12:00:00 PM BST,53.3,54.7,21.5,20.9
27-Apr-26 12:30:00 PM BST,58.7,54.2,20.0,21.2
27-Apr-26 1:00:00 PM BST,58.5,53.5,19.0,21.3
27-Apr-26 1:30:00 PM BST,58.1,53.8,19.1,21.3
27-Apr-26 2:00:00 PM BST,58.1,53.4,19.2,21.3
27-Apr-26 2:30:00 PM BST,57.9,53.8,20.1,21.3
27-Apr-26 3:00:00 PM BST,58.1,53.6,19.9,21.3
27-Apr-26 3:30:00 PM BST,58.2,53.8,20.1,21.3
27-Apr-26 4:00:00 PM BST,58.4,52.8,19.1,21.2
27-Apr-26 4:30:00 PM BST,58.4,53.2,19.1,21.1
27-Apr-26 5:00:00 PM BST,58.7,52.8,18.8,20.9
27-Apr-26 5:30:00 PM BST,58.7,52.6,19.0,21.1
27-Apr-26 6:00:00 PM BST,59.6,52.3,18.8,21.1
27-Apr-26 6:30:00 PM BST,59.8,52.8,18.9,21.0
27-Apr-26 7:00:00 PM BST,59.6,52.6,18.7,20.9
27-Apr-26 7:30:00 PM BST,59.9,52.8,18.9,20.8
27-Apr-26 8:00:00 PM BST,59.8,52.7,18.8,20.7
27-Apr-26 8:30:00 PM BST,59.5,53.1,19.1,20.8
27-Apr-26 9:00:00 PM BST,59.5,52.7,18.8,20.8
27-Apr-26 9:30:00 PM BST,59.4,53.3,19.4,20.9
27-Apr-26 10:00:00 PM BST,58.8,53.7,19.7,21.0
27-Apr-26 10:30:00 PM BST,58.4,53.8,19.3,21.0
27-Apr-26 11:00:00 PM BST,57.6,54.0,19.2,21.1
27-Apr-26 11:30:00 PM BST,57.7,54.1,19.5,21.2
28-Apr-26 12:00:00 AM BST,56.6,53.9,19.4,21.1
28-Apr-26 12:30:00 AM BST,54.3,54.1,19.5,21.1
28-Apr-26 1:00:00 AM BST,39.1,54.5,19.9,20.9
28-Apr-26 1:30:00 AM BST,34.1,55.1,20.1,20.8
28-Apr-26 2:00:00 AM BST,32.8,55.5,20.7,20.8
28-Apr-26 2:30:00 AM BST,28.2,55.1,20.2,20.8
28-Apr-26 3:00:00 AM BST,32.5,55.5,20.7,20.8
28-Apr-26 3:30:00 AM BST,28.3,55.3,20.1,20.9
28-Apr-26 4:00:00 AM BST,23.4,56.0,20.7,20.8
28-Apr-26 4:30:00 AM BST,33.1,55.8,20.5,20.7
28-Apr-26 5:00:00 AM BST,28.4,54.9,19.6,20.7
28-Apr-26 5:30:00 AM BST,27.6,54.4,19.6,20.6
28-Apr-26 6:00:00 AM BST,27.3,53.9,19.4,20.7
28-Apr-26 6:30:00 AM BST,27.4,54.6,19.7,20.7
28-Apr-26 7:00:00 AM BST,27.7,54.5,19.8,20.7
28-Apr-26 7:30:00 AM BST,27.7,54.8,19.7,20.8
28-Apr-26 8:00:00 AM BST,28.0,54.3,19.4,20.7
28-Apr-26 8:30:00 AM BST,29.2,54.6,19.7,20.7
28-Apr-26 9:00:00 AM BST,29.8,54.4,19.6,20.6
28-Apr-26 9:30:00 AM BST,31.3,54.6,19.7,20.6
28-Apr-26 10:00:00 AM BST,32.4,54.3,19.5,20.7
28-Apr-26 10:30:00 AM BST,33.2,54.1,19.6,20.6
28-Apr-26 11:00:00 AM BST,33.4,53.7,19.5,20.6
28-Apr-26 11:30:00 AM BST,31.7,54.9,20.4,20.6
28-Apr-26 12:00:00 PM BST,34.5,54.6,19.9,20.8
28-Apr-26 12:30:00 PM BST,35.3,53.9,19.7,20.8
28-Apr-26 1:00:00 PM BST,37.3,53.8,19.9,20.8
28-Apr-26 1:30:00 PM BST,41.0,54.1,19.9,20.8
28-Apr-26 2:00:00 PM BST,51.0,53.7,19.7,21.0
28-Apr-26 2:30:00 PM BST,48.4,54.3,19.7,20.9
28-Apr-26 3:00:00 PM BST,54.1,55.5,21.1,21.1
28-Apr-26 3:30:00 PM BST,58.1,54.6,20.0,21.0
28-Apr-26 4:00:00 PM BST,58.0,54.2,19.2,21.1
28-Apr-26 4:30:00 PM BST,58.1,54.2,19.5,21.1
28-Apr-26 5:00:00 PM BST,58.2,53.8,19.5,20.9
28-Apr-26 5:30:00 PM BST,57.9,54.0,19.6,20.8
28-Apr-26 6:00:00 PM BST,58.3,53.9,19.5,20.7
28-Apr-26 6:30:00 PM BST,58.6,53.7,19.3,20.6
28-Apr-26 7:00:00 PM BST,58.6,53.5,19.4,20.6
28-Apr-26 7:30:00 PM BST,58.6,54.0,19.6,20.8
28-Apr-26 8:00:00 PM BST,57.9,54.0,19.6,20.7
28-Apr-26 8:30:00 PM BST,58.0,54.2,19.4,20.9
28-Apr-26 9:00:00 PM BST,57.1,53.9,19.3,20.9
28-Apr-26 9:30:00 PM BST,53.6,53.8,19.3,21.0
28-Apr-26 10:00:00 PM BST,38.9,54.0,19.9,21.0
28-Apr-26 10:30:00 PM BST,32.7,54.7,20.4,20.9
28-Apr-26 11:00:00 PM BST,32.2,55.3,21.1,20.9
28-Apr-26 11:30:00 PM BST,27.3,54.9,20.5,20.9
29-Apr-26 12:00:00 AM BST,23.2,55.7,21.3,21.0
29-Apr-26 12:30:00 AM BST,31.5,55.6,21.1,21.1
29-Apr-26 1:00:00 AM BST,27.8,54.5,19.9,21.1
29-Apr-26 1:30:00 AM BST,22.3,55.1,20.5,21.1
29-Apr-26 2:00:00 AM BST,24.2,55.5,21.1,21.2
29-Apr-26 2:30:00 AM BST,29.8,55.2,20.8,21.1
29-Apr-26 3:00:00 AM BST,26.6,54.3,19.8,20.9
29-Apr-26 3:30:00 AM BST,26.2,54.6,19.8,20.8
29-Apr-26 4:00:00 AM BST,26.0,54.4,19.6,20.8
29-Apr-26 4:30:00 AM BST,26.0,54.7,19.8,20.8
29-Apr-26 5:00:00 AM BST,25.9,54.4,19.6,20.7
29-Apr-26 5:30:00 AM BST,25.8,54.3,19.6,20.7
29-Apr-26 6:00:00 AM BST,25.8,54.3,19.6,20.7
29-Apr-26 6:30:00 AM BST,25.8,54.5,19.6,20.8
29-Apr-26 7:00:00 AM BST,26.2,54.1,19.4,20.7
29-Apr-26 7:30:00 AM BST,27.1,54.6,19.4,20.7
29-Apr-26 8:00:00 AM BST,28.5,54.3,19.4,20.7
29-Apr-26 8:30:00 AM BST,31.3,54.6,19.3,20.7
29-Apr-26 9:00:00 AM BST,34.2,54.4,19.3,20.8
29-Apr-26 9:30:00 AM BST,37.1,54.3,19.4,20.8
29-Apr-26 10:00:00 AM BST,40.4,54.2,19.4,20.7
29-Apr-26 10:30:00 AM BST,50.7,54.3,19.4,20.7
29-Apr-26 11:00:00 AM BST,42.6,54.0,19.3,20.7
29-Apr-26 11:30:00 AM BST,59.1,54.8,19.9,20.6
29-Apr-26 12:00:00 PM BST,58.0,53.8,18.6,20.6
29-Apr-26 12:30:00 PM BST,57.6,53.7,18.6,20.5
29-Apr-26 1:00:00 PM BST,57.8,53.6,18.6,20.6
29-Apr-26 1:30:00 PM BST,57.9,54.1,18.9,20.6
29-Apr-26 2:00:00 PM BST,57.7,53.8,18.9,20.6
29-Apr-26 2:30:00 PM BST,58.0,53.6,18.9,20.6
29-Apr-26 3:00:00 PM BST,57.7,53.5,18.9,20.5
29-Apr-26 3:30:00 PM BST,58.0,54.0,18.9,20.3
29-Apr-26 4:00:00 PM BST,57.7,53.9,18.8,20.4
29-Apr-26 4:30:00 PM BST,58.2,53.6,18.7,20.4
29-Apr-26 5:00:00 PM BST,57.8,53.3,18.6,20.4
29-Apr-26 5:30:00 PM BST,58.3,54.1,18.8,20.5
29-Apr-26 6:00:00 PM BST,58.6,53.8,18.7,20.4
29-Apr-26 6:30:00 PM BST,58.8,53.9,18.8,20.4
29-Apr-26 7:00:00 PM BST,58.8,53.5,18.8,20.4
29-Apr-26 7:30:00 PM BST,58.8,53.5,18.7,20.4
29-Apr-26 8:00:00 PM BST,58.1,53.1,18.5,20.4
29-Apr-26 8:30:00 PM BST,57.9,53.2,18.7,20.4
29-Apr-26 9:00:00 PM BST,57.8,53.0,18.6,20.4
29-Apr-26 9:30:00 PM BST,57.8,53.0,18.8,20.4
29-Apr-26 10:00:00 PM BST,57.7,52.9,18.6,20.4
29-Apr-26 10:30:00 PM BST,56.9,53.7,18.7,20.6
29-Apr-26 11:00:00 PM BST,56.2,53.2,18.6,20.4
29-Apr-26 11:30:00 PM BST,49.7,53.4,18.6,20.4
30-Apr-26 12:00:00 AM BST,39.7,53.5,19.0,20.4
30-Apr-26 12:30:00 AM BST,38.1,53.3,18.8,20.3
30-Apr-26 1:00:00 AM BST,29.6,53.7,19.6,20.3
30-Apr-26 1:30:00 AM BST,34.8,53.6,19.0,20.2
30-Apr-26 2:00:00 AM BST,26.6,54.3,19.7,20.3
30-Apr-26 2:30:00 AM BST,32.8,53.7,19.0,20.2
30-Apr-26 3:00:00 AM BST,29.0,54.6,19.5,20.3
30-Apr-26 3:30:00 AM BST,29.0,54.3,19.1,20.3
30-Apr-26 4:00:00 AM BST,31.6,55.7,19.8,20.2
30-Apr-26 4:30:00 AM BST,26.0,54.7,19.5,20.2
30-Apr-26 5:00:00 AM BST,30.0,54.1,20.0,20.2
30-Apr-26 5:30:00 AM BST,28.1,53.8,19.1,20.3
30-Apr-26 6:00:00 AM BST,22.3,55.3,20.2,20.4
30-Apr-26 6:30:00 AM BST,25.7,55.6,20.4,20.4
30-Apr-26 7:00:00 AM BST,32.9,54.8,19.9,20.3
30-Apr-26 7:30:00 AM BST,27.5,54.3,19.3,20.3
30-Apr-26 8:00:00 AM BST,32.1,55.1,20.2,20.3
30-Apr-26 8:30:00 AM BST,35.6,54.6,19.0,20.3
30-Apr-26 9:00:00 AM BST,32.9,55.6,20.0,20.4
30-Apr-26 9:30:00 AM BST,41.9,54.5,19.1,20.4
30-Apr-26 10:00:00 AM BST,55.3,53.9,18.8,20.4
30-Apr-26 10:30:00 AM BST,57.8,54.0,18.5,20.5
30-Apr-26 11:00:00 AM BST,58.5,53.7,18.6,20.5
30-Apr-26 11:30:00 AM BST,57.9,52.4,18.5,20.3
30-Apr-26 12:00:00 PM BST,58.5,50.1,18.1,19.9
30-Apr-26 12:30:00 PM BST,58.0,49.1,18.2,19.4
30-Apr-26 1:00:00 PM BST,45.6,45.0,17.7,18.9
30-Apr-26 1:30:00 PM BST,30.8,40.5,17.8,18.3
30-Apr-26 2:00:00 PM BST,37.5,35.5,17.3,17.6
30-Apr-26 2:30:00 PM BST,31.5,28.8,15.8,16.4
30-Apr-26 3:00:00 PM BST,29.4,23.8,15.0,15.5
30-Apr-26 3:30:00 PM BST,33.5,20.9,14.7,14.7
30-Apr-26 4:00:00 PM BST,31.1,18.7,14.6,14.1
30-Apr-26 4:30:00 PM BST,31.1,17.1,14.6,13.7
30-Apr-26 5:00:00 PM BST,31.0,15.7,14.4,13.4
30-Apr-26 5:30:00 PM BST,31.0,14.9,14.1,13.0
30-Apr-26 6:00:00 PM BST,23.7,14.6,14.2,12.9
30-Apr-26 6:30:00 PM BST,22.1,14.3,14.7,12.7
30-Apr-26 7:00:00 PM BST,19.6,19.1,20.3,17.9
30-Apr-26 7:30:00 PM BST,27.6,13.6,14.6,12.7
30-Apr-26 8:00:00 PM BST,23.2,12.9,14.2,12.6
30-Apr-26 8:30:00 PM BST,14.8,13.2,14.7,12.7
30-Apr-26 9:30:00 PM BST,28.9,12.6,14.1,12.5
30-Apr-26 10:00:00 PM BST,9.7,12.6,14.1,12.5
30-Apr-26 10:30:00 PM BST,27.9,12.6,14.5,12.5
30-Apr-26 11:00:00 PM BST,22.4,12.3,14.0,12.5
30-Apr-26 11:30:00 PM BST,11.4,12.3,14.2,12.5
01-May-26 12:00:00 AM BST,20.5,12.4,14.3,12.5