JobID,start_time,end_time,runtime_sec,NodeList,energy_kwh,carbon_g,carbon_kg
5287872,2026-04-09 13:07:46+00:00,2026-04-09 13:07:48,2.0,cn294,0.0002686111111111111,0.01638527777777778,1.638527777777778e-05
5287874,2026-04-09 13:07:48+00:00,2026-04-09 13:07:49,1.0,cn003,0.00017333333333333334,0.010573333333333334,1.0573333333333334e-05
5288147,2026-04-09 13:46:53+00:00,2026-04-09 13:46:56,3.0,cn297,0.00026944444444444444,0.016166666666666666,1.6166666666666665e-05
5288150,2026-04-09 13:46:53+00:00,2026-04-09 13:46:55,2.0,cn021,0.00016,0.009600000000000001,9.600000000000001e-06
5288245,2026-04-09 14:05:02+00:00,2026-04-09 14:05:03,1.0,cn296,0.00013472222222222222,0.007948611111111111,7.948611111111111e-06
5288651,2026-04-09 14:46:55+00:00,2026-04-09 14:46:56,1.0,cn052,0.00016,0.008960000000000001,8.96e-06
5290330,2026-04-09 15:47:11+00:00,2026-04-09 15:47:13,2.0,cn298,0.00015416666666666666,0.008479166666666666,8.479166666666667e-06
5290335,2026-04-09 15:47:13+00:00,2026-04-09 15:47:15,2.0,cn298,0.00019583333333333334,0.010770833333333334,1.0770833333333334e-05
5290354,2026-04-09 15:47:16+00:00,2026-04-09 15:47:18,2.0,cn298,0.00020611111111111112,0.011336111111111111,1.133611111111111e-05
5290355,2026-04-09 15:47:18+00:00,2026-04-09 15:47:20,2.0,cn298,0.00017777777777777779,0.009777777777777778,9.777777777777777e-06
5290356,2026-04-09 15:47:20+00:00,2026-04-09 15:47:22,2.0,cn298,0.00017361111111111112,0.009548611111111112,9.548611111111113e-06
5291516,2026-04-09 16:46:52+00:00,2026-04-09 16:46:53,1.0,cn021,0.00016,0.009760000000000001,9.760000000000001e-06
5291519,2026-04-09 16:46:53+00:00,2026-04-09 16:46:54,1.0,cn021,0.00016,0.009760000000000001,9.760000000000001e-06
5291521,2026-04-09 16:46:54+00:00,2026-04-09 16:46:56,2.0,cn021,0.00016,0.009760000000000001,9.760000000000001e-06
5291683,2026-04-09 17:07:36+00:00,2026-04-09 17:07:37,1.0,cn059,0.00016666666666666666,0.010499999999999999,1.05e-05
5291679,2026-04-09 17:10:50+00:00,2026-04-09 17:10:53,3.0,cn295,0.0002597222222222222,0.0163625,1.6362499999999998e-05
5291903,2026-04-09 17:46:53+00:00,2026-04-09 17:46:55,2.0,cn298,0.0002708333333333333,0.018416666666666665,1.8416666666666666e-05
5291904,2026-04-09 17:46:56+00:00,2026-04-09 17:46:58,2.0,cn298,0.00019277777777777777,0.013108888888888889,1.3108888888888889e-05
5291906,2026-04-09 17:46:58+00:00,2026-04-09 17:47:00,2.0,cn298,0.00017361111111111112,0.011805555555555555,1.1805555555555555e-05
5291907,2026-04-09 17:47:00+00:00,2026-04-09 17:47:03,3.0,cn298,0.00019027777777777776,0.012938888888888889,1.2938888888888888e-05
5291909,2026-04-09 17:47:03+00:00,2026-04-09 17:47:05,2.0,cn298,0.00019166666666666667,0.013033333333333334,1.3033333333333334e-05
5291910,2026-04-09 17:47:05+00:00,2026-04-09 17:47:07,2.0,cn298,0.0002,0.013600000000000001,1.36e-05
5292002,2026-04-09 18:07:33+00:00,2026-04-09 18:07:35,2.0,cn544,0.00026388888888888886,0.017152777777777777,1.715277777777778e-05
5292470,2026-04-09 19:10:41+00:00,2026-04-09 19:10:43,2.0,cn297,0.00026944444444444444,0.018591666666666666,1.8591666666666667e-05
5292753,2026-04-09 19:46:55+00:00,2026-04-09 19:46:58,3.0,cn297,0.00026944444444444444,0.016705555555555557,1.6705555555555556e-05
5292754,2026-04-09 19:46:57+00:00,2026-04-09 19:46:59,2.0,cn503,0.0002575,0.015965,1.5965e-05
5292891,2026-04-09 20:08:51+00:00,2026-04-09 20:08:53,2.0,cn297,0.0002666666666666667,0.013866666666666668,1.3866666666666667e-05
5293172,2026-04-09 20:46:51+00:00,2026-04-09 20:46:53,2.0,cn539,0.0002611111111111111,0.012272222222222223,1.2272222222222222e-05
5293175,2026-04-09 20:46:53+00:00,2026-04-09 20:46:54,1.0,cn033,0.00016,0.007520000000000001,7.520000000000001e-06
5293177,2026-04-09 20:49:16+00:00,2026-04-09 20:49:18,2.0,cn297,0.0002686111111111111,0.012624722222222223,1.2624722222222222e-05
5293312,2026-04-09 21:07:33+00:00,2026-04-09 21:07:34,1.0,cn102,0.00016,0.00672,6.72e-06
5293314,2026-04-09 21:07:33+00:00,2026-04-09 21:07:35,2.0,cn504,0.0002597222222222222,0.010908333333333334,1.0908333333333334e-05
5293315,2026-04-09 21:09:21+00:00,2026-04-09 21:09:23,2.0,cn504,0.0002575,0.010815000000000002,1.0815000000000002e-05
5293310,2026-04-09 21:10:13+00:00,2026-04-09 21:10:15,2.0,cn295,0.00025277777777777777,0.010616666666666667,1.0616666666666666e-05
5293410,2026-04-09 21:23:07+00:00,2026-04-09 21:23:08,1.0,cn019,0.00016,0.00672,6.72e-06
5293555,2026-04-09 21:46:55+00:00,2026-04-09 21:46:57,2.0,cn539,0.00026388888888888886,0.01134722222222222,1.134722222222222e-05
5293556,2026-04-09 21:46:55+00:00,2026-04-09 21:46:56,1.0,cn045,0.00017,0.0073100000000000005,7.31e-06
5293557,2026-04-09 21:46:56+00:00,2026-04-09 21:46:57,1.0,cn045,0.00016333333333333334,0.007023333333333334,7.0233333333333336e-06
5293740,2026-04-09 22:07:33+00:00,2026-04-09 22:07:35,2.0,cn294,0.0002666666666666667,0.012,1.2e-05
5293744,2026-04-09 22:07:33+00:00,2026-04-09 22:07:35,2.0,cn550,0.00025277777777777777,0.011375,1.1375e-05
5293743,2026-04-09 22:07:35+00:00,2026-04-09 22:07:38,3.0,cn294,0.0002666666666666667,0.012,1.2e-05
5293746,2026-04-09 22:07:38+00:00,2026-04-09 22:07:39,1.0,cn099,0.00016,0.007200000000000001,7.2000000000000005e-06
5294087,2026-04-09 22:47:49+00:00,2026-04-09 22:47:51,2.0,cn294,0.0002666666666666667,0.011733333333333333,1.1733333333333333e-05
5294214,2026-04-09 23:07:32+00:00,2026-04-09 23:07:33,1.0,cn038,0.00015333333333333334,0.0067466666666666664,6.746666666666667e-06
5294455,2026-04-09 23:46:54+00:00,2026-04-09 23:46:56,2.0,cn294,0.0002666666666666667,0.011466666666666667,1.1466666666666666e-05
5294456,2026-04-09 23:46:54+00:00,2026-04-09 23:46:56,2.0,cn296,0.00026944444444444444,0.011586111111111111,1.1586111111111111e-05
5294457,2026-04-09 23:46:54+00:00,2026-04-09 23:46:55,1.0,cn007,0.00016,0.006880000000000001,6.880000000000001e-06
5294459,2026-04-09 23:46:57+00:00,2026-04-09 23:46:58,1.0,cn007,0.00016,0.006880000000000001,6.880000000000001e-06
5294867,2026-04-10 00:46:54+00:00,2026-04-10 00:46:55,1.0,cn049,0.00015333333333333334,0.006593333333333334,6.5933333333333335e-06
5294959,2026-04-10 01:07:33+00:00,2026-04-10 01:07:35,2.0,cn294,0.0002666666666666667,0.009600000000000001,9.600000000000001e-06
5294973,2026-04-10 01:07:50+00:00,2026-04-10 01:07:51,1.0,cn294,0.0002666666666666667,0.009600000000000001,9.600000000000001e-06
5295712,2026-04-10 02:46:56+00:00,2026-04-10 02:46:59,3.0,cn538,0.00027361111111111114,0.00957638888888889,9.57638888888889e-06
5295871,2026-04-10 03:12:06+00:00,2026-04-10 03:12:08,2.0,cn298,0.00020888888888888888,0.007102222222222222,7.1022222222222215e-06
5296141,2026-04-10 03:58:09+00:00,2026-04-10 03:58:11,2.0,cn298,0.00019222222222222224,0.006920000000000001,6.920000000000001e-06
5296259,2026-04-10 04:07:36+00:00,2026-04-10 04:07:38,2.0,cn508,0.0002611111111111111,0.012272222222222223,1.2272222222222222e-05
5296261,2026-04-10 04:24:42+00:00,2026-04-10 04:24:45,3.0,cn298,0.00020277777777777777,0.009530555555555556,9.530555555555556e-06
5296262,2026-04-10 04:24:45+00:00,2026-04-10 04:24:47,2.0,cn298,0.0002013888888888889,0.009465277777777777,9.465277777777778e-06
5296481,2026-04-10 04:46:54+00:00,2026-04-10 04:46:55,1.0,cn080,0.00016666666666666666,0.009666666666666667,9.666666666666667e-06
5296673,2026-04-10 05:07:32+00:00,2026-04-10 05:07:33,1.0,cn043,0.00016666666666666666,0.013333333333333332,1.3333333333333333e-05
5297105,2026-04-10 05:46:54+00:00,2026-04-10 05:46:56,2.0,cn295,0.0002561111111111111,0.024842777777777776,2.4842777777777778e-05
5297109,2026-04-10 05:46:56+00:00,2026-04-10 05:46:58,2.0,cn295,0.0002575,0.024977500000000003,2.4977500000000003e-05
5297110,2026-04-10 05:46:57+00:00,2026-04-10 05:47:00,3.0,cn295,0.00025833333333333334,0.025058333333333335,2.5058333333333334e-05
5297141,2026-04-10 05:50:59+00:00,2026-04-10 05:51:02,3.0,cn298,0.00019444444444444443,0.01886111111111111,1.886111111111111e-05
5297145,2026-04-10 05:51:02+00:00,2026-04-10 05:51:04,2.0,cn298,0.00019166666666666667,0.018591666666666666,1.8591666666666667e-05
5297278,2026-04-10 06:07:33+00:00,2026-04-10 06:07:35,2.0,cn508,0.0002555555555555556,0.02964444444444445,2.964444444444445e-05
5297279,2026-04-10 06:07:33+00:00,2026-04-10 06:07:35,2.0,cn538,0.00025694444444444446,0.029805555555555557,2.9805555555555556e-05
5297282,2026-04-10 06:07:35+00:00,2026-04-10 06:07:37,2.0,cn508,0.0002575,0.029870000000000004,2.9870000000000004e-05
5297287,2026-04-10 06:07:44+00:00,2026-04-10 06:07:46,2.0,cn508,0.00025333333333333333,0.029386666666666665,2.9386666666666664e-05
5297606,2026-04-10 06:46:53+00:00,2026-04-10 06:46:55,2.0,cn508,0.00026444444444444443,0.03226222222222222,3.226222222222222e-05
5297730,2026-04-10 07:13:19+00:00,2026-04-10 07:13:21,2.0,cn297,0.00026944444444444444,0.033680555555555554,3.3680555555555555e-05
5297732,2026-04-10 07:13:22+00:00,2026-04-10 07:13:24,2.0,cn297,0.00026944444444444444,0.033680555555555554,3.3680555555555555e-05
5297733,2026-04-10 07:13:25+00:00,2026-04-10 07:13:27,2.0,cn297,0.00026944444444444444,0.033680555555555554,3.3680555555555555e-05
5297811,2026-04-10 07:13:27+00:00,2026-04-10 07:13:29,2.0,cn297,0.00026944444444444444,0.033680555555555554,3.3680555555555555e-05
5298211,2026-04-10 07:46:52+00:00,2026-04-10 07:46:55,3.0,cn297,0.0002658333333333333,0.0326975,3.2697499999999997e-05
5298216,2026-04-10 07:46:55+00:00,2026-04-10 07:46:58,3.0,cn297,0.000265,0.032595,3.2595e-05
5298230,2026-04-10 07:47:05+00:00,2026-04-10 07:47:07,2.0,cn297,0.0002666666666666667,0.0328,3.2800000000000004e-05
5298232,2026-04-10 07:47:07+00:00,2026-04-10 07:47:10,3.0,cn297,0.0002666666666666667,0.0328,3.2800000000000004e-05
5298234,2026-04-10 07:47:11+00:00,2026-04-10 07:47:13,2.0,cn297,0.0002666666666666667,0.0328,3.2800000000000004e-05
5298557,2026-04-10 08:07:51+00:00,2026-04-10 08:07:52,1.0,cn043,0.00016666666666666666,0.020166666666666666,2.0166666666666664e-05
5299088,2026-04-10 08:47:24+00:00,2026-04-10 08:47:25,1.0,cn007,0.00016666666666666666,0.019,1.9e-05
5299076,2026-04-10 08:49:28+00:00,2026-04-10 08:49:30,2.0,cn296,0.0002722222222222222,0.03103333333333333,3.1033333333333326e-05
5299077,2026-04-10 08:49:30+00:00,2026-04-10 08:49:33,3.0,cn296,0.0002722222222222222,0.03103333333333333,3.1033333333333326e-05
5299246,2026-04-10 09:07:32+00:00,2026-04-10 09:07:34,2.0,cn295,0.0002555555555555556,0.030155555555555557,3.0155555555555557e-05
5299247,2026-04-10 09:07:34+00:00,2026-04-10 09:07:36,2.0,cn295,0.0002555555555555556,0.030155555555555557,3.0155555555555557e-05
5300654,2026-04-10 10:07:34+00:00,2026-04-10 10:07:35,1.0,cn037,0.00016,0.0176,1.76e-05
5300951,2026-04-10 10:46:54+00:00,2026-04-10 10:46:56,2.0,cn295,0.00026,0.028339999999999997,2.8339999999999996e-05
5300952,2026-04-10 10:46:54+00:00,2026-04-10 10:46:56,2.0,cn295,0.00025944444444444447,0.028279444444444447,2.8279444444444448e-05
5300955,2026-04-10 10:46:56+00:00,2026-04-10 10:46:58,2.0,cn533,0.00020333333333333333,0.022163333333333333,2.2163333333333335e-05
5301166,2026-04-10 11:07:33+00:00,2026-04-10 11:07:34,1.0,cn073,0.00016666666666666666,0.017333333333333333,1.7333333333333332e-05
5301163,2026-04-10 11:12:13+00:00,2026-04-10 11:12:15,2.0,cn298,0.00025416666666666665,0.02643333333333333,2.643333333333333e-05
5301167,2026-04-10 11:12:15+00:00,2026-04-10 11:12:17,2.0,cn298,0.00019444444444444443,0.02022222222222222,2.0222222222222222e-05
5301169,2026-04-10 11:12:17+00:00,2026-04-10 11:12:19,2.0,cn298,9.694444444444445e-05,0.010082222222222223,1.0082222222222223e-05
5301434,2026-04-10 11:46:52+00:00,2026-04-10 11:46:54,2.0,cn295,0.00026388888888888886,0.02586111111111111,2.5861111111111108e-05
5301671,2026-04-10 12:07:34+00:00,2026-04-10 12:07:36,2.0,cn505,0.00025833333333333334,0.02325,2.325e-05
5302192,2026-04-10 12:46:51+00:00,2026-04-10 12:46:53,2.0,cn505,0.0002602777777777778,0.023164722222222222,2.3164722222222223e-05
5302193,2026-04-10 12:46:51+00:00,2026-04-10 12:46:53,2.0,cn299,0.0002666666666666667,0.023733333333333335,2.3733333333333335e-05
5302195,2026-04-10 12:46:53+00:00,2026-04-10 12:46:56,3.0,cn505,0.0002575,0.022917500000000004,2.2917500000000005e-05
5302339,2026-04-10 13:07:34+00:00,2026-04-10 13:07:35,1.0,cn070,0.00015666666666666666,0.0141,1.41e-05
5302686,2026-04-10 13:46:52+00:00,2026-04-10 13:46:54,2.0,cn507,0.0002625,0.0238875,2.3887499999999998e-05
5302688,2026-04-10 13:46:54+00:00,2026-04-10 13:46:56,2.0,cn507,0.00026166666666666667,0.023811666666666665,2.3811666666666664e-05
5302689,2026-04-10 13:46:54+00:00,2026-04-10 13:46:56,2.0,cn507,0.00026166666666666667,0.023811666666666665,2.3811666666666664e-05
5302930,2026-04-10 14:07:35+00:00,2026-04-10 14:07:36,1.0,cn064,0.00016,0.015200000000000002,1.5200000000000002e-05
5302933,2026-04-10 14:18:54+00:00,2026-04-10 14:18:56,2.0,cn298,0.00017638888888888888,0.016756944444444442,1.675694444444444e-05
5303226,2026-04-10 14:46:55+00:00,2026-04-10 14:46:56,1.0,cn041,0.00016666666666666666,0.016166666666666666,1.6166666666666665e-05
5303362,2026-04-10 15:07:32+00:00,2026-04-10 15:07:33,1.0,cn010,0.00016,0.015040000000000001,1.5040000000000002e-05
5303695,2026-04-10 15:46:53+00:00,2026-04-10 15:46:55,2.0,cn538,0.0002611111111111111,0.025327777777777775,2.5327777777777774e-05
5303698,2026-04-10 15:46:55+00:00,2026-04-10 15:46:56,1.0,cn010,0.00015333333333333334,0.014873333333333334,1.4873333333333334e-05
5303700,2026-04-10 15:47:38+00:00,2026-04-10 15:47:41,3.0,cn298,0.00022916666666666666,0.022229166666666668,2.2229166666666667e-05
5306400,2026-04-10 16:46:55+00:00,2026-04-10 16:46:56,1.0,cn081,0.00016,0.019520000000000003,1.9520000000000003e-05
5306857,2026-04-10 17:09:22+00:00,2026-04-10 17:09:24,2.0,cn295,0.00026444444444444443,0.033319999999999995,3.331999999999999e-05
5307194,2026-04-10 17:46:55+00:00,2026-04-10 17:46:57,2.0,cn296,0.0002666666666666667,0.03306666666666667,3.3066666666666666e-05
5307881,2026-04-10 18:08:31+00:00,2026-04-10 18:08:32,1.0,cn008,0.00016,0.019520000000000003,1.9520000000000003e-05
5308526,2026-04-10 18:46:55+00:00,2026-04-10 18:46:56,1.0,cn064,0.00016,0.019360000000000002,1.936e-05
5308563,2026-04-10 18:47:46+00:00,2026-04-10 18:47:48,2.0,cn028,0.00016,0.019360000000000002,1.936e-05
5309108,2026-04-10 19:08:01+00:00,2026-04-10 19:08:02,1.0,cn044,0.00016666666666666666,0.019666666666666666,1.9666666666666666e-05
5309123,2026-04-10 19:13:15+00:00,2026-04-10 19:13:17,2.0,cn299,0.00026388888888888886,0.031138888888888886,3.1138888888888885e-05
5309862,2026-04-10 19:47:36+00:00,2026-04-10 19:47:38,2.0,cn298,0.00017777777777777779,0.020444444444444446,2.0444444444444446e-05
5310149,2026-04-10 20:12:41+00:00,2026-04-10 20:12:43,2.0,cn296,0.0002666666666666667,0.028,2.8e-05
5310555,2026-04-10 20:46:54+00:00,2026-04-10 20:46:56,2.0,cn514,0.00025333333333333333,0.023053333333333332,2.3053333333333332e-05
5310556,2026-04-10 20:46:54+00:00,2026-04-10 20:46:56,2.0,cn514,0.00025416666666666665,0.023129166666666666,2.3129166666666665e-05
5310557,2026-04-10 20:46:56+00:00,2026-04-10 20:46:57,1.0,cn514,0.000125,0.011375,1.1375e-05
5310674,2026-04-10 21:07:33+00:00,2026-04-10 21:07:35,2.0,cn544,0.0002588888888888889,0.0233,2.33e-05
5310675,2026-04-10 21:07:33+00:00,2026-04-10 21:07:35,2.0,cn544,0.0002588888888888889,0.0233,2.33e-05
5310676,2026-04-10 21:07:33+00:00,2026-04-10 21:07:35,2.0,cn544,0.0002588888888888889,0.0233,2.33e-05
5310677,2026-04-10 21:07:33+00:00,2026-04-10 21:07:35,2.0,cn544,0.00027194444444444445,0.024475,2.4475e-05
5310995,2026-04-10 21:46:55+00:00,2026-04-10 21:46:56,1.0,cn081,0.00016,0.0128,1.2800000000000001e-05
5310996,2026-04-10 21:46:55+00:00,2026-04-10 21:46:56,1.0,cn089,0.00016666666666666666,0.013333333333333332,1.3333333333333333e-05
5310998,2026-04-10 21:46:56+00:00,2026-04-10 21:46:58,2.0,cn296,0.00026944444444444444,0.021555555555555557,2.155555555555556e-05
5311326,2026-04-10 22:07:32+00:00,2026-04-10 22:07:33,1.0,cn082,0.00016,0.0128,1.2800000000000001e-05
5311327,2026-04-10 22:07:33+00:00,2026-04-10 22:07:34,1.0,cn082,0.00016,0.0128,1.2800000000000001e-05
5311562,2026-04-10 22:46:52+00:00,2026-04-10 22:46:53,1.0,cn116,0.00016666666666666666,0.011833333333333333,1.1833333333333332e-05
5311567,2026-04-10 22:46:56+00:00,2026-04-10 22:46:57,1.0,cn116,0.00016666666666666666,0.011833333333333333,1.1833333333333332e-05
5311563,2026-04-10 22:47:18+00:00,2026-04-10 22:47:20,2.0,cn296,0.00026944444444444444,0.019130555555555557,1.9130555555555557e-05
5311741,2026-04-10 23:08:02+00:00,2026-04-10 23:08:04,2.0,cn294,0.00013333333333333334,0.0092,9.2e-06
5311777,2026-04-10 23:09:40+00:00,2026-04-10 23:09:41,1.0,cn299,0.00013333333333333334,0.0092,9.2e-06
5312071,2026-04-10 23:46:51+00:00,2026-04-10 23:46:53,2.0,cn294,0.00026388888888888886,0.01873611111111111,1.873611111111111e-05
5312072,2026-04-10 23:46:51+00:00,2026-04-10 23:46:54,3.0,cn298,0.00022777777777777778,0.016172222222222223,1.6172222222222222e-05
5312218,2026-04-11 00:07:49+00:00,2026-04-11 00:07:51,2.0,cn298,0.00019583333333333334,0.013708333333333335,1.3708333333333334e-05
5312239,2026-04-11 00:08:09+00:00,2026-04-11 00:08:11,2.0,cn299,0.0002666666666666667,0.018666666666666668,1.866666666666667e-05
5312738,2026-04-11 01:07:58+00:00,2026-04-11 01:08:00,2.0,cn295,0.0002666666666666667,0.016800000000000002,1.6800000000000002e-05
5313280,2026-04-11 02:07:30+00:00,2026-04-11 02:07:32,2.0,cn540,0.00026388888888888886,0.012138888888888888,1.2138888888888888e-05
5313282,2026-04-11 02:07:37+00:00,2026-04-11 02:07:39,2.0,cn540,0.000275,0.012650000000000002,1.2650000000000001e-05
5313765,2026-04-11 02:47:05+00:00,2026-04-11 02:47:06,1.0,cn019,0.00016333333333333334,0.007186666666666667,7.186666666666667e-06
5313770,2026-04-11 02:47:10+00:00,2026-04-11 02:47:11,1.0,cn019,0.00018,0.00792,7.92e-06
5313952,2026-04-11 03:07:32+00:00,2026-04-11 03:07:33,1.0,cn091,0.00016666666666666666,0.0075,7.499999999999999e-06
5313955,2026-04-11 03:07:33+00:00,2026-04-11 03:07:35,2.0,cn509,0.00025833333333333334,0.011625,1.1625e-05
5314348,2026-04-11 03:46:56+00:00,2026-04-11 03:46:58,2.0,cn538,0.00025416666666666665,0.011691666666666666,1.1691666666666667e-05
5314385,2026-04-11 03:47:38+00:00,2026-04-11 03:47:40,2.0,cn538,0.00025055555555555557,0.011525555555555556,1.1525555555555556e-05
5314387,2026-04-11 03:47:40+00:00,2026-04-11 03:47:42,2.0,cn538,0.00025,0.0115,1.15e-05
5314483,2026-04-11 04:07:38+00:00,2026-04-11 04:07:39,1.0,cn074,0.00017333333333333334,0.0078000000000000005,7.8e-06
5315489,2026-04-11 05:46:55+00:00,2026-04-11 05:46:57,2.0,cn297,0.00026944444444444444,0.012933333333333333,1.2933333333333334e-05
5315706,2026-04-11 06:07:41+00:00,2026-04-11 06:07:43,2.0,cn533,0.00025833333333333334,0.01395,1.395e-05
5315701,2026-04-11 06:08:50+00:00,2026-04-11 06:08:52,2.0,cn298,0.0002111111111111111,0.0114,1.1400000000000001e-05
5315702,2026-04-11 06:08:53+00:00,2026-04-11 06:08:55,2.0,cn298,0.00021305555555555555,0.011505,1.1504999999999999e-05
5316197,2026-04-11 06:47:31+00:00,2026-04-11 06:47:33,2.0,cn294,0.0002666666666666667,0.014666666666666668,1.4666666666666668e-05
5316505,2026-04-11 07:07:34+00:00,2026-04-11 07:07:35,1.0,cn503,0.00012916666666666667,0.007104166666666667,7.104166666666666e-06
5316895,2026-04-11 07:47:04+00:00,2026-04-11 07:47:06,2.0,cn294,0.0002666666666666667,0.014133333333333335,1.4133333333333334e-05
5317957,2026-04-11 09:46:53+00:00,2026-04-11 09:46:55,2.0,cn296,0.0002611111111111111,0.010444444444444444,1.0444444444444443e-05
5318250,2026-04-11 10:07:57+00:00,2026-04-11 10:07:59,2.0,cn533,0.00025277777777777777,0.009858333333333334,9.858333333333334e-06
5318673,2026-04-11 10:46:55+00:00,2026-04-11 10:46:56,1.0,cn027,0.00016,0.00608,6.08e-06
5318671,2026-04-11 10:46:55+00:00,2026-04-11 10:46:57,2.0,cn299,0.00026388888888888886,0.010027777777777776,1.0027777777777776e-05
5318838,2026-04-11 11:07:32+00:00,2026-04-11 11:07:34,2.0,cn294,0.0002666666666666667,0.010400000000000001,1.0400000000000002e-05
5319908,2026-04-11 12:46:56+00:00,2026-04-11 12:46:57,1.0,cn001,0.00016666666666666666,0.006666666666666666,6.666666666666667e-06
5320035,2026-04-11 13:07:33+00:00,2026-04-11 13:07:34,1.0,cn294,0.00013333333333333334,0.0054666666666666665,5.466666666666666e-06
5320036,2026-04-11 13:07:34+00:00,2026-04-11 13:07:35,1.0,cn001,0.00017333333333333334,0.0071066666666666665,7.106666666666667e-06
5320039,2026-04-11 13:07:34+00:00,2026-04-11 13:07:37,3.0,cn294,0.0002666666666666667,0.010933333333333333,1.0933333333333333e-05
5320040,2026-04-11 13:07:35+00:00,2026-04-11 13:07:37,2.0,cn001,0.00016666666666666666,0.006833333333333333,6.833333333333333e-06
5320349,2026-04-11 13:46:53+00:00,2026-04-11 13:46:55,2.0,cn294,0.0002666666666666667,0.011466666666666667,1.1466666666666666e-05
5320354,2026-04-11 13:46:59+00:00,2026-04-11 13:47:00,1.0,cn294,0.00013333333333333334,0.005733333333333333,5.733333333333333e-06
5320742,2026-04-11 14:07:37+00:00,2026-04-11 14:07:39,2.0,cn528,0.0002588888888888889,0.010873333333333334,1.0873333333333333e-05
5320809,2026-04-11 14:08:52+00:00,2026-04-11 14:08:53,1.0,cn093,0.00016666666666666666,0.007,7e-06
5321643,2026-04-11 14:46:56+00:00,2026-04-11 14:46:58,2.0,cn295,0.0002666666666666667,0.010933333333333333,1.0933333333333333e-05
5322124,2026-04-11 15:07:37+00:00,2026-04-11 15:07:39,2.0,cn519,0.0002561111111111111,0.010756666666666666,1.0756666666666666e-05
5322128,2026-04-11 15:08:09+00:00,2026-04-11 15:08:11,2.0,cn295,0.0002666666666666667,0.0112,1.12e-05
5322856,2026-04-11 16:07:35+00:00,2026-04-11 16:07:36,1.0,cn112,0.00016,0.007200000000000001,7.2000000000000005e-06
5323271,2026-04-11 16:47:17+00:00,2026-04-11 16:47:19,2.0,cn294,0.00026944444444444444,0.01266388888888889,1.266388888888889e-05
5323270,2026-04-11 16:47:17+00:00,2026-04-11 16:47:18,1.0,cn294,0.00013472222222222222,0.006331944444444445,6.331944444444445e-06
5323472,2026-04-11 17:07:55+00:00,2026-04-11 17:07:57,2.0,cn299,0.0002666666666666667,0.014400000000000001,1.4400000000000001e-05
5324938,2026-04-11 17:51:21+00:00,2026-04-11 17:51:23,2.0,cn295,0.00026944444444444444,0.016705555555555557,1.6705555555555556e-05
5324941,2026-04-11 17:51:23+00:00,2026-04-11 17:51:26,3.0,cn295,0.00026944444444444444,0.016705555555555557,1.6705555555555556e-05
5324944,2026-04-11 17:51:26+00:00,2026-04-11 17:51:29,3.0,cn295,0.00026944444444444444,0.016705555555555557,1.6705555555555556e-05
5325860,2026-04-11 18:46:53+00:00,2026-04-11 18:46:55,2.0,cn527,0.0002575,0.019312500000000003,1.9312500000000002e-05
5325864,2026-04-11 18:46:55+00:00,2026-04-11 18:46:57,2.0,cn097,0.00016666666666666666,0.012499999999999999,1.2499999999999999e-05
5325950,2026-04-11 19:07:34+00:00,2026-04-11 19:07:35,1.0,cn539,0.00013194444444444443,0.010423611111111111,1.042361111111111e-05
5325952,2026-04-11 19:07:36+00:00,2026-04-11 19:07:39,3.0,cn539,0.0002686111111111111,0.02122027777777778,2.122027777777778e-05
5325954,2026-04-11 19:08:51+00:00,2026-04-11 19:08:53,2.0,cn295,0.00026944444444444444,0.02128611111111111,2.1286111111111108e-05
5326364,2026-04-11 19:46:56+00:00,2026-04-11 19:46:57,1.0,cn017,0.00017,0.012750000000000001,1.2750000000000002e-05
5326423,2026-04-11 20:07:33+00:00,2026-04-11 20:07:34,1.0,cn041,0.00016666666666666666,0.011666666666666665,1.1666666666666666e-05
5326741,2026-04-11 20:46:56+00:00,2026-04-11 20:46:58,2.0,cn294,0.0002666666666666667,0.017333333333333333,1.7333333333333332e-05
5326745,2026-04-11 20:46:56+00:00,2026-04-11 20:46:58,2.0,cn515,0.00025833333333333334,0.016791666666666667,1.6791666666666667e-05
5326740,2026-04-11 20:46:56+00:00,2026-04-11 20:46:58,2.0,cn294,0.0002666666666666667,0.017333333333333333,1.7333333333333332e-05
5327542,2026-04-11 22:07:30+00:00,2026-04-11 22:07:32,2.0,cn087,0.00016,0.01072,1.072e-05
5327714,2026-04-11 22:23:06+00:00,2026-04-11 22:23:07,1.0,cn062,0.00016,0.01072,1.072e-05
5327970,2026-04-11 22:46:55+00:00,2026-04-11 22:46:56,1.0,cn106,0.00016666666666666666,0.011666666666666665,1.1666666666666666e-05
5330116,2026-04-12 02:09:26+00:00,2026-04-12 02:09:28,2.0,cn297,0.00026944444444444444,0.014011111111111111,1.4011111111111111e-05
5330129,2026-04-12 02:09:34+00:00,2026-04-12 02:09:36,2.0,cn297,0.00026944444444444444,0.014011111111111111,1.4011111111111111e-05
5330481,2026-04-12 02:46:54+00:00,2026-04-12 02:46:55,1.0,cn521,0.0001277777777777778,0.006772222222222223,6.772222222222223e-06
5330482,2026-04-12 02:46:54+00:00,2026-04-12 02:46:56,2.0,cn521,0.0002555555555555556,0.013544444444444446,1.3544444444444446e-05
5330485,2026-04-12 02:46:55+00:00,2026-04-12 02:46:57,2.0,cn521,0.0002555555555555556,0.013544444444444446,1.3544444444444446e-05
5330486,2026-04-12 02:46:56+00:00,2026-04-12 02:46:58,2.0,cn521,0.0002555555555555556,0.013544444444444446,1.3544444444444446e-05
5330479,2026-04-12 02:47:54+00:00,2026-04-12 02:47:56,2.0,cn299,0.0002722222222222222,0.014427777777777777,1.4427777777777776e-05
5330633,2026-04-12 03:07:30+00:00,2026-04-12 03:07:32,2.0,cn051,0.00016,0.008480000000000001,8.480000000000002e-06
5330635,2026-04-12 03:07:30+00:00,2026-04-12 03:07:32,2.0,cn051,0.00016,0.008480000000000001,8.480000000000002e-06
5331035,2026-04-12 03:46:58+00:00,2026-04-12 03:47:00,2.0,cn527,0.000265,0.014045,1.4045e-05
5331244,2026-04-12 04:07:33+00:00,2026-04-12 04:07:35,2.0,cn526,0.00026166666666666667,0.014915,1.4914999999999999e-05
5331631,2026-04-12 04:46:57+00:00,2026-04-12 04:46:58,1.0,cn027,0.00015333333333333334,0.008893333333333333,8.893333333333333e-06
5331816,2026-04-12 05:07:33+00:00,2026-04-12 05:07:34,1.0,cn027,0.00015333333333333334,0.007973333333333334,7.973333333333334e-06
5331814,2026-04-12 05:09:32+00:00,2026-04-12 05:09:34,2.0,cn298,0.0002513888888888889,0.013072222222222221,1.3072222222222221e-05
5331832,2026-04-12 05:14:53+00:00,2026-04-12 05:14:54,1.0,cn050,0.00016,0.008320000000000001,8.320000000000002e-06
5332104,2026-04-12 05:23:13+00:00,2026-04-12 05:23:14,1.0,cn042,0.00023,0.01196,1.196e-05
5333542,2026-04-12 06:46:57+00:00,2026-04-12 06:46:59,2.0,cn294,0.0002722222222222222,0.0147,1.47e-05
5333743,2026-04-12 07:07:34+00:00,2026-04-12 07:07:35,1.0,cn073,0.00016666666666666666,0.007833333333333333,7.833333333333333e-06
5333756,2026-04-12 07:07:51+00:00,2026-04-12 07:07:52,1.0,cn073,0.00016666666666666666,0.007833333333333333,7.833333333333333e-06
5334614,2026-04-12 08:07:47+00:00,2026-04-12 08:07:48,1.0,cn297,0.00014083333333333333,0.006619166666666666,6.619166666666667e-06
5334957,2026-04-12 08:46:51+00:00,2026-04-12 08:46:53,2.0,cn294,0.00026944444444444444,0.012125,1.2125e-05
5334960,2026-04-12 08:46:53+00:00,2026-04-12 08:46:56,3.0,cn517,0.0002555555555555556,0.011500000000000002,1.1500000000000002e-05
5334961,2026-04-12 08:46:53+00:00,2026-04-12 08:46:56,3.0,cn546,0.00026305555555555555,0.011837499999999999,1.18375e-05
5334963,2026-04-12 08:46:56+00:00,2026-04-12 08:46:58,2.0,cn546,0.00026166666666666667,0.011775,1.1775e-05
5336951,2026-04-12 10:07:31+00:00,2026-04-12 10:07:33,2.0,cn523,0.0002611111111111111,0.013838888888888888,1.3838888888888888e-05
5336957,2026-04-12 10:07:33+00:00,2026-04-12 10:07:35,2.0,cn523,0.0002555555555555556,0.013544444444444446,1.3544444444444446e-05
5336955,2026-04-12 10:09:53+00:00,2026-04-12 10:09:55,2.0,cn295,0.00026444444444444443,0.014015555555555555,1.4015555555555556e-05
5336956,2026-04-12 10:09:55+00:00,2026-04-12 10:09:57,2.0,cn295,0.00026388888888888886,0.01398611111111111,1.398611111111111e-05
5337230,2026-04-12 10:46:53+00:00,2026-04-12 10:46:54,1.0,cn087,0.00016,0.007840000000000001,7.840000000000001e-06
5337234,2026-04-12 10:46:56+00:00,2026-04-12 10:46:58,2.0,cn519,0.0002625,0.012862499999999999,1.28625e-05
5337232,2026-04-12 10:47:25+00:00,2026-04-12 10:47:27,2.0,cn295,0.00026444444444444443,0.012957777777777776,1.2957777777777777e-05
5337963,2026-04-12 12:07:31+00:00,2026-04-12 12:07:33,2.0,cn295,0.00026388888888888886,0.010555555555555554,1.0555555555555554e-05
5338836,2026-04-12 12:46:53+00:00,2026-04-12 12:46:54,1.0,cn027,0.00016,0.0064,6.4000000000000006e-06
5338837,2026-04-12 12:46:54+00:00,2026-04-12 12:46:55,1.0,cn027,0.00016,0.0064,6.4000000000000006e-06
5339661,2026-04-12 13:47:51+00:00,2026-04-12 13:47:53,2.0,cn298,0.00017361111111111112,0.0078125,7.8125e-06
5340246,2026-04-12 14:46:54+00:00,2026-04-12 14:46:57,3.0,cn296,0.0002722222222222222,0.015244444444444442,1.5244444444444443e-05
5340248,2026-04-12 14:46:55+00:00,2026-04-12 14:46:58,3.0,cn539,0.00025833333333333334,0.014466666666666668,1.4466666666666668e-05
5340249,2026-04-12 14:46:58+00:00,2026-04-12 14:47:00,2.0,cn296,0.0002722222222222222,0.015244444444444442,1.5244444444444443e-05
5340250,2026-04-12 14:46:58+00:00,2026-04-12 14:47:00,2.0,cn296,0.0002722222222222222,0.015244444444444442,1.5244444444444443e-05
5340777,2026-04-12 15:46:53+00:00,2026-04-12 15:46:54,1.0,cn003,0.00016666666666666666,0.011333333333333332,1.1333333333333332e-05
5340781,2026-04-12 15:46:57+00:00,2026-04-12 15:47:00,3.0,cn294,0.00027,0.01836,1.836e-05
5340782,2026-04-12 15:46:58+00:00,2026-04-12 15:47:00,2.0,cn295,0.00026722222222222224,0.018171111111111114,1.8171111111111115e-05
5340957,2026-04-12 16:07:34+00:00,2026-04-12 16:07:35,1.0,cn104,0.00016,0.013280000000000002,1.3280000000000002e-05
5341616,2026-04-12 17:07:32+00:00,2026-04-12 17:07:34,2.0,cn294,0.00027,0.03186,3.1859999999999997e-05
5342219,2026-04-12 18:08:20+00:00,2026-04-12 18:08:22,2.0,cn522,0.00026388888888888886,0.03641666666666667,3.6416666666666666e-05
5342220,2026-04-12 18:08:20+00:00,2026-04-12 18:08:22,2.0,cn522,0.00026388888888888886,0.03641666666666667,3.6416666666666666e-05
5343782,2026-04-12 19:46:50+00:00,2026-04-12 19:46:53,3.0,cn508,0.00026388888888888886,0.03879166666666666,3.879166666666666e-05
5343878,2026-04-12 19:48:31+00:00,2026-04-12 19:48:33,2.0,cn299,0.00026722222222222224,0.03928166666666667,3.9281666666666674e-05
5344081,2026-04-12 20:08:36+00:00,2026-04-12 20:08:38,2.0,cn296,0.00026944444444444444,0.03718333333333333,3.7183333333333334e-05
5344406,2026-04-12 20:46:52+00:00,2026-04-12 20:46:53,1.0,cn034,0.00016,0.02144,2.144e-05
5344726,2026-04-12 21:07:55+00:00,2026-04-12 21:07:56,1.0,cn297,0.00013194444444444443,0.018340277777777775,1.8340277777777773e-05
5344737,2026-04-12 21:08:01+00:00,2026-04-12 21:08:03,2.0,cn297,0.00026388888888888886,0.03668055555555555,3.668055555555555e-05
5344764,2026-04-12 21:08:22+00:00,2026-04-12 21:08:24,2.0,cn297,0.00026388888888888886,0.03668055555555555,3.668055555555555e-05
5345073,2026-04-12 21:46:56+00:00,2026-04-12 21:46:58,2.0,cn514,0.00025416666666666665,0.03634583333333333,3.634583333333333e-05
5345295,2026-04-12 22:07:35+00:00,2026-04-12 22:07:37,2.0,cn513,0.00025694444444444446,0.03725694444444445,3.725694444444445e-05
5345297,2026-04-12 22:07:35+00:00,2026-04-12 22:07:36,1.0,cn007,0.00016666666666666666,0.024166666666666666,2.4166666666666667e-05
5345631,2026-04-12 22:47:45+00:00,2026-04-12 22:47:47,2.0,cn294,0.00026944444444444444,0.03906944444444444,3.9069444444444445e-05
5345632,2026-04-12 22:47:46+00:00,2026-04-12 22:47:48,2.0,cn294,0.00026944444444444444,0.03906944444444444,3.9069444444444445e-05
5345718,2026-04-12 23:07:43+00:00,2026-04-12 23:07:44,1.0,cn040,0.00016666666666666666,0.024,2.4e-05
5347211,2026-04-13 01:07:32+00:00,2026-04-13 01:07:34,2.0,cn295,0.0002666666666666667,0.03813333333333334,3.8133333333333336e-05
5347241,2026-04-13 01:09:22+00:00,2026-04-13 01:09:24,2.0,cn296,0.00026944444444444444,0.038530555555555554,3.853055555555555e-05
5347497,2026-04-13 01:46:51+00:00,2026-04-13 01:46:52,1.0,cn024,0.00016,0.02256,2.256e-05
5347501,2026-04-13 01:46:54+00:00,2026-04-13 01:46:55,1.0,cn024,0.00016,0.02256,2.256e-05
5348322,2026-04-13 03:07:31+00:00,2026-04-13 03:07:32,1.0,cn532,0.00012916666666666667,0.019245833333333334,1.9245833333333335e-05
5348323,2026-04-13 03:07:33+00:00,2026-04-13 03:07:35,2.0,cn532,0.0002611111111111111,0.038905555555555554,3.890555555555555e-05
5348324,2026-04-13 03:07:37+00:00,2026-04-13 03:07:39,2.0,cn532,0.00026305555555555555,0.03919527777777777,3.9195277777777776e-05
5348892,2026-04-13 04:07:31+00:00,2026-04-13 04:07:32,1.0,cn042,0.00016666666666666666,0.026833333333333334,2.6833333333333333e-05
5348923,2026-04-13 04:12:51+00:00,2026-04-13 04:12:52,1.0,cn021,0.00016,0.02576,2.576e-05
5350442,2026-04-13 04:47:14+00:00,2026-04-13 04:47:16,2.0,cn295,0.0002658333333333333,0.04492583333333333,4.492583333333333e-05
5350458,2026-04-13 04:47:22+00:00,2026-04-13 04:47:24,2.0,cn295,0.00026388888888888886,0.04459722222222222,4.459722222222222e-05
5351698,2026-04-13 05:07:33+00:00,2026-04-13 05:07:35,2.0,cn099,0.00016666666666666666,0.03,2.9999999999999997e-05
5351696,2026-04-13 05:07:33+00:00,2026-04-13 05:07:35,2.0,cn099,0.00016666666666666666,0.03,2.9999999999999997e-05
5353025,2026-04-13 06:07:33+00:00,2026-04-13 06:07:34,1.0,cn064,0.00016,0.03216,3.2160000000000004e-05
5353376,2026-04-13 06:46:54+00:00,2026-04-13 06:46:56,2.0,cn296,0.0002666666666666667,0.05226666666666667,5.226666666666667e-05
5353601,2026-04-13 07:07:34+00:00,2026-04-13 07:07:35,1.0,cn074,0.00016666666666666666,0.03,2.9999999999999997e-05
5353602,2026-04-13 07:07:35+00:00,2026-04-13 07:07:37,2.0,cn502,0.0002597222222222222,0.04675,4.675e-05
5354721,2026-04-13 08:46:53+00:00,2026-04-13 08:46:55,2.0,cn294,0.0002666666666666667,0.04133333333333333,4.133333333333333e-05
5354722,2026-04-13 08:46:53+00:00,2026-04-13 08:46:55,2.0,cn296,0.0002666666666666667,0.04133333333333333,4.133333333333333e-05
5355075,2026-04-13 09:07:32+00:00,2026-04-13 09:07:33,1.0,cn057,0.00016666666666666666,0.024166666666666666,2.4166666666666667e-05
5356331,2026-04-13 10:07:33+00:00,2026-04-13 10:07:35,2.0,cn514,0.00025416666666666665,0.03405833333333333,3.405833333333333e-05
5356682,2026-04-13 10:46:51+00:00,2026-04-13 10:46:53,2.0,cn294,0.0002666666666666667,0.03546666666666667,3.546666666666667e-05
5356686,2026-04-13 10:46:54+00:00,2026-04-13 10:46:55,1.0,cn117,0.00016666666666666666,0.022166666666666664,2.2166666666666666e-05
5356869,2026-04-13 11:07:33+00:00,2026-04-13 11:07:36,3.0,cn295,0.0002652777777777778,0.03448611111111111,3.448611111111111e-05
5357339,2026-04-13 12:08:31+00:00,2026-04-13 12:08:33,2.0,cn535,0.0002611111111111111,0.03211666666666667,3.211666666666667e-05
5357741,2026-04-13 12:46:52+00:00,2026-04-13 12:46:53,1.0,cn041,0.00016666666666666666,0.02,2e-05
5357744,2026-04-13 12:46:54+00:00,2026-04-13 12:46:56,2.0,cn295,0.0002666666666666667,0.032,3.2e-05
5357746,2026-04-13 12:46:55+00:00,2026-04-13 12:46:58,3.0,cn295,0.0002666666666666667,0.032,3.2e-05
5358412,2026-04-13 13:46:52+00:00,2026-04-13 13:46:54,2.0,cn295,0.00026388888888888886,0.03166666666666666,3.166666666666666e-05
5358416,2026-04-13 13:46:53+00:00,2026-04-13 13:46:56,3.0,cn295,0.00026388888888888886,0.03166666666666666,3.166666666666666e-05
5358417,2026-04-13 13:46:54+00:00,2026-04-13 13:46:57,3.0,cn295,0.00026388888888888886,0.03166666666666666,3.166666666666666e-05
5358419,2026-04-13 13:46:55+00:00,2026-04-13 13:46:58,3.0,cn295,0.00026388888888888886,0.03166666666666666,3.166666666666666e-05
5359924,2026-04-13 14:46:56+00:00,2026-04-13 14:46:57,1.0,cn019,0.00016,0.020640000000000002,2.0640000000000002e-05
5360036,2026-04-13 14:48:43+00:00,2026-04-13 14:48:44,1.0,cn019,0.00016,0.020640000000000002,2.0640000000000002e-05
5360037,2026-04-13 14:48:43+00:00,2026-04-13 14:48:44,1.0,cn297,0.00026944444444444444,0.034758333333333336,3.4758333333333336e-05
5360855,2026-04-13 16:08:09+00:00,2026-04-13 16:08:11,2.0,cn296,0.00026805555555555556,0.04235277777777778,4.235277777777778e-05
5361464,2026-04-13 17:07:30+00:00,2026-04-13 17:07:31,1.0,cn057,0.00016666666666666666,0.028999999999999998,2.8999999999999997e-05
5361470,2026-04-13 17:07:36+00:00,2026-04-13 17:07:37,1.0,cn057,0.00016666666666666666,0.028999999999999998,2.8999999999999997e-05
5361982,2026-04-13 18:07:33+00:00,2026-04-13 18:07:35,2.0,cn540,0.00026388888888888886,0.049083333333333326,4.9083333333333325e-05
5362319,2026-04-13 18:46:54+00:00,2026-04-13 18:46:55,1.0,cn067,0.00016,0.030400000000000003,3.0400000000000004e-05
5362449,2026-04-13 19:07:32+00:00,2026-04-13 19:07:34,2.0,cn294,0.00026944444444444444,0.051194444444444445,5.119444444444445e-05
5362765,2026-04-13 19:46:54+00:00,2026-04-13 19:46:55,1.0,cn073,0.00016666666666666666,0.0315,3.15e-05
5362768,2026-04-13 19:46:56+00:00,2026-04-13 19:46:57,1.0,cn015,0.00016,0.030240000000000003,3.0240000000000002e-05
5363118,2026-04-13 20:15:04+00:00,2026-04-13 20:15:06,2.0,cn515,0.0002555555555555556,0.047788888888888895,4.77888888888889e-05
5363490,2026-04-13 20:46:53+00:00,2026-04-13 20:46:55,2.0,cn520,0.0002513888888888889,0.047009722222222224,4.700972222222222e-05
5363491,2026-04-13 20:46:54+00:00,2026-04-13 20:46:56,2.0,cn515,0.00025833333333333334,0.048308333333333335,4.830833333333333e-05
5363493,2026-04-13 20:46:56+00:00,2026-04-13 20:46:57,1.0,cn076,0.00016666666666666666,0.031166666666666665,3.116666666666667e-05
5363495,2026-04-13 20:47:06+00:00,2026-04-13 20:47:08,2.0,cn515,0.00025833333333333334,0.048308333333333335,4.830833333333333e-05
5363496,2026-04-13 20:47:08+00:00,2026-04-13 20:47:11,3.0,cn515,0.00025833333333333334,0.048308333333333335,4.830833333333333e-05
5364818,2026-04-13 22:10:10+00:00,2026-04-13 22:10:12,2.0,cn294,0.0002666666666666667,0.0472,4.72e-05
5365627,2026-04-13 23:07:34+00:00,2026-04-13 23:07:36,2.0,cn501,0.0002713888888888889,0.04803583333333333,4.803583333333333e-05
5366026,2026-04-13 23:46:54+00:00,2026-04-13 23:46:56,2.0,cn523,0.00027416666666666664,0.04880166666666666,4.880166666666666e-05
5366154,2026-04-14 00:07:34+00:00,2026-04-14 00:07:35,1.0,cn067,0.00016,0.02832,2.832e-05
5366945,2026-04-14 00:46:55+00:00,2026-04-14 00:46:56,1.0,cn062,0.00016,0.028480000000000002,2.8480000000000002e-05
5366948,2026-04-14 00:47:13+00:00,2026-04-14 00:47:14,1.0,cn094,0.00016666666666666666,0.029666666666666664,2.9666666666666665e-05
5368913,2026-04-14 02:07:33+00:00,2026-04-14 02:07:35,2.0,cn505,0.00026388888888888886,0.04802777777777777,4.802777777777778e-05
5368914,2026-04-14 02:10:05+00:00,2026-04-14 02:10:08,3.0,cn298,0.0001811111111111111,0.03296222222222222,3.296222222222222e-05
5368917,2026-04-14 02:10:08+00:00,2026-04-14 02:10:10,2.0,cn298,0.00027277777777777776,0.049645555555555554,4.9645555555555556e-05
5368919,2026-04-14 02:10:10+00:00,2026-04-14 02:10:12,2.0,cn298,0.00017361111111111112,0.03159722222222222,3.159722222222222e-05
5368921,2026-04-14 02:10:12+00:00,2026-04-14 02:10:14,2.0,cn298,0.00018472222222222222,0.033619444444444445,3.361944444444445e-05
5368926,2026-04-14 02:10:14+00:00,2026-04-14 02:10:16,2.0,cn298,0.00020277777777777777,0.03690555555555555,3.690555555555555e-05
5369279,2026-04-14 02:46:54+00:00,2026-04-14 02:46:55,1.0,cn054,0.00016666666666666666,0.030333333333333334,3.0333333333333333e-05
5369283,2026-04-14 02:46:54+00:00,2026-04-14 02:46:56,2.0,cn535,0.00026388888888888886,0.04802777777777777,4.802777777777778e-05
5370031,2026-04-14 03:46:59+00:00,2026-04-14 03:47:01,2.0,cn297,0.00026722222222222224,0.049703333333333335,4.9703333333333336e-05
5370304,2026-04-14 04:07:36+00:00,2026-04-14 04:07:38,2.0,cn001,0.00017333333333333334,0.03258666666666667,3.2586666666666664e-05
5370305,2026-04-14 04:07:36+00:00,2026-04-14 04:07:38,2.0,cn001,0.00017333333333333334,0.03258666666666667,3.2586666666666664e-05
5370306,2026-04-14 04:07:40+00:00,2026-04-14 04:07:42,2.0,cn294,0.00026388888888888886,0.049611111111111106,4.9611111111111106e-05
5370307,2026-04-14 04:07:45+00:00,2026-04-14 04:07:47,2.0,cn294,0.00026388888888888886,0.049611111111111106,4.9611111111111106e-05
5370799,2026-04-14 04:47:05+00:00,2026-04-14 04:47:07,2.0,cn299,0.0002686111111111111,0.0507675,5.07675e-05
5370801,2026-04-14 04:47:09+00:00,2026-04-14 04:47:11,2.0,cn299,0.00026944444444444444,0.050925,5.0925e-05
5371414,2026-04-14 05:46:51+00:00,2026-04-14 05:46:54,3.0,cn294,0.00026388888888888886,0.05277777777777777,5.277777777777777e-05
5371413,2026-04-14 05:46:51+00:00,2026-04-14 05:46:53,2.0,cn072,0.00016666666666666666,0.03333333333333333,3.3333333333333335e-05
5371585,2026-04-14 06:07:39+00:00,2026-04-14 06:07:40,1.0,cn055,0.00016,0.030560000000000004,3.0560000000000006e-05
5372187,2026-04-14 07:07:31+00:00,2026-04-14 07:07:33,2.0,cn507,0.0002555555555555556,0.04421111111111112,4.4211111111111117e-05
5372193,2026-04-14 07:07:49+00:00,2026-04-14 07:07:51,2.0,cn294,0.0002611111111111111,0.04517222222222222,4.517222222222222e-05
5372593,2026-04-14 07:46:52+00:00,2026-04-14 07:46:54,2.0,cn294,0.0002611111111111111,0.04334444444444444,4.334444444444444e-05
5372596,2026-04-14 07:46:55+00:00,2026-04-14 07:46:57,2.0,cn294,0.0002611111111111111,0.04334444444444444,4.334444444444444e-05
5372598,2026-04-14 07:46:55+00:00,2026-04-14 07:46:56,1.0,cn010,0.00016666666666666666,0.027666666666666666,2.7666666666666667e-05
5372599,2026-04-14 07:46:56+00:00,2026-04-14 07:46:57,1.0,cn294,0.00013055555555555555,0.02167222222222222,2.167222222222222e-05
5373131,2026-04-14 08:46:52+00:00,2026-04-14 08:46:53,1.0,cn112,0.00016,0.02272,2.272e-05
5373452,2026-04-14 09:07:33+00:00,2026-04-14 09:07:34,1.0,cn017,0.00016666666666666666,0.020999999999999998,2.1e-05
5373857,2026-04-14 09:46:56+00:00,2026-04-14 09:46:58,2.0,cn502,0.00025833333333333334,0.028933333333333335,2.8933333333333336e-05
5374107,2026-04-14 10:07:31+00:00,2026-04-14 10:07:32,1.0,cn550,0.00012916666666666667,0.012400000000000001,1.2400000000000002e-05
5374109,2026-04-14 10:07:32+00:00,2026-04-14 10:07:35,3.0,cn550,0.00025833333333333334,0.024800000000000003,2.4800000000000003e-05
5374111,2026-04-14 10:07:32+00:00,2026-04-14 10:07:34,2.0,cn033,0.00016666666666666666,0.016,1.6e-05
5374594,2026-04-14 10:46:54+00:00,2026-04-14 10:46:55,1.0,cn550,0.00014361111111111112,0.013068611111111112,1.3068611111111113e-05
5374756,2026-04-14 11:07:32+00:00,2026-04-14 11:07:34,2.0,cn505,0.0002658333333333333,0.022861666666666666,2.2861666666666665e-05
5374757,2026-04-14 11:07:34+00:00,2026-04-14 11:07:36,2.0,cn515,0.0002555555555555556,0.02197777777777778,2.197777777777778e-05
5375106,2026-04-14 11:46:57+00:00,2026-04-14 11:46:59,2.0,cn515,0.00025833333333333334,0.020408333333333334,2.0408333333333332e-05
5375298,2026-04-14 12:07:46+00:00,2026-04-14 12:07:48,2.0,cn294,0.00026944444444444444,0.020747222222222222,2.074722222222222e-05
5375809,2026-04-14 13:07:36+00:00,2026-04-14 13:07:39,3.0,cn515,0.00025833333333333334,0.0217,2.17e-05
5376277,2026-04-14 14:07:31+00:00,2026-04-14 14:07:33,2.0,cn297,0.0002666666666666667,0.02426666666666667,2.426666666666667e-05
5377084,2026-04-14 14:46:56+00:00,2026-04-14 14:46:57,1.0,cn544,0.00013333333333333334,0.0132,1.32e-05
5377086,2026-04-14 14:47:02+00:00,2026-04-14 14:47:04,2.0,cn544,0.0002666666666666667,0.0264,2.64e-05
5377217,2026-04-14 15:07:45+00:00,2026-04-14 15:07:47,2.0,cn507,0.0002561111111111111,0.027403888888888887,2.7403888888888888e-05
5377220,2026-04-14 15:08:30+00:00,2026-04-14 15:08:33,3.0,cn096,0.00016666666666666666,0.017833333333333333,1.7833333333333334e-05
5377218,2026-04-14 15:08:32+00:00,2026-04-14 15:08:34,2.0,cn294,0.0002666666666666667,0.028533333333333334,2.8533333333333333e-05
5378112,2026-04-14 16:46:57+00:00,2026-04-14 16:46:59,2.0,cn297,0.0002666666666666667,0.03493333333333334,3.493333333333334e-05
5378297,2026-04-14 17:07:56+00:00,2026-04-14 17:07:58,2.0,cn294,0.0002666666666666667,0.03626666666666667,3.626666666666667e-05
5378882,2026-04-14 18:07:37+00:00,2026-04-14 18:07:39,2.0,cn299,0.0002666666666666667,0.037333333333333336,3.733333333333334e-05
5379474,2026-04-14 19:07:31+00:00,2026-04-14 19:07:33,2.0,cn522,0.0002625,0.0378,3.78e-05
5379475,2026-04-14 19:07:33+00:00,2026-04-14 19:07:34,1.0,cn527,0.00015194444444444446,0.021880000000000004,2.1880000000000004e-05
5379975,2026-04-14 19:46:52+00:00,2026-04-14 19:46:53,1.0,cn112,0.00016,0.022400000000000003,2.2400000000000002e-05
5379983,2026-04-14 19:46:57+00:00,2026-04-14 19:46:58,1.0,cn005,0.00016,0.022400000000000003,2.2400000000000002e-05
5380564,2026-04-14 20:45:25+00:00,2026-04-14 20:45:26,1.0,cn004,0.00016666666666666666,0.0215,2.1499999999999997e-05
5380611,2026-04-14 20:46:52+00:00,2026-04-14 20:46:53,1.0,cn295,0.00013472222222222222,0.017379166666666668,1.7379166666666668e-05
5380614,2026-04-14 20:46:53+00:00,2026-04-14 20:46:56,3.0,cn525,0.00026305555555555555,0.03393416666666667,3.393416666666667e-05
5380618,2026-04-14 20:46:58+00:00,2026-04-14 20:46:59,1.0,cn066,0.00016,0.020640000000000002,2.0640000000000002e-05
5380906,2026-04-14 21:07:37+00:00,2026-04-14 21:07:39,2.0,cn501,0.0002555555555555556,0.029900000000000003,2.9900000000000002e-05
5380921,2026-04-14 21:07:55+00:00,2026-04-14 21:07:57,2.0,cn501,0.00025416666666666665,0.029737499999999997,2.9737499999999998e-05
5381578,2026-04-14 21:46:55+00:00,2026-04-14 21:46:57,2.0,cn294,0.0002666666666666667,0.026933333333333333,2.6933333333333332e-05
5381831,2026-04-14 22:07:33+00:00,2026-04-14 22:07:34,1.0,cn004,0.00016,0.012480000000000002,1.248e-05
5381832,2026-04-14 22:07:44+00:00,2026-04-14 22:07:45,1.0,cn004,0.00016,0.012480000000000002,1.248e-05
5381833,2026-04-14 22:07:45+00:00,2026-04-14 22:07:46,1.0,cn004,0.00016,0.012480000000000002,1.248e-05
5382608,2026-04-14 22:47:41+00:00,2026-04-14 22:47:43,2.0,cn298,0.00016583333333333334,0.011608333333333333,1.1608333333333334e-05
5382609,2026-04-14 22:47:43+00:00,2026-04-14 22:47:45,2.0,cn298,0.00018888888888888888,0.013222222222222222,1.3222222222222221e-05
5382768,2026-04-14 23:08:47+00:00,2026-04-14 23:08:50,3.0,cn295,0.0002666666666666667,0.02,2e-05
5383456,2026-04-14 23:46:53+00:00,2026-04-14 23:46:55,2.0,cn077,0.00016666666666666666,0.012166666666666666,1.2166666666666667e-05
5383460,2026-04-14 23:46:56+00:00,2026-04-14 23:46:58,2.0,cn295,0.00026388888888888886,0.019263888888888886,1.9263888888888885e-05
5383580,2026-04-15 00:07:37+00:00,2026-04-15 00:07:38,1.0,cn027,0.00015333333333333334,0.011193333333333333,1.1193333333333333e-05
5384745,2026-04-15 00:46:55+00:00,2026-04-15 00:46:57,2.0,cn294,0.00026944444444444444,0.0194,1.94e-05
5384765,2026-04-15 00:47:05+00:00,2026-04-15 00:47:07,2.0,cn535,0.0002602777777777778,0.01874,1.874e-05
5384772,2026-04-15 00:47:08+00:00,2026-04-15 00:47:10,2.0,cn294,0.00026944444444444444,0.0194,1.94e-05
5386383,2026-04-15 01:47:16+00:00,2026-04-15 01:47:18,2.0,cn523,0.0002547222222222222,0.01834,1.8339999999999997e-05
5386754,2026-04-15 02:07:44+00:00,2026-04-15 02:07:45,1.0,cn112,0.00016,0.012,1.2e-05
5386755,2026-04-15 02:07:44+00:00,2026-04-15 02:07:46,2.0,cn523,0.0002755555555555556,0.02066666666666667,2.066666666666667e-05
5387832,2026-04-15 03:07:32+00:00,2026-04-15 03:07:33,1.0,cn072,0.00016666666666666666,0.012666666666666666,1.2666666666666667e-05
5388354,2026-04-15 03:46:55+00:00,2026-04-15 03:46:56,1.0,cn007,0.00016,0.012320000000000001,1.232e-05
5388691,2026-04-15 04:07:33+00:00,2026-04-15 04:07:35,2.0,cn294,0.00026944444444444444,0.02047777777777778,2.0477777777777778e-05
5388690,2026-04-15 04:07:33+00:00,2026-04-15 04:07:35,2.0,cn294,0.00026944444444444444,0.02047777777777778,2.0477777777777778e-05
5388694,2026-04-15 04:08:02+00:00,2026-04-15 04:08:04,2.0,cn296,0.00026944444444444444,0.02047777777777778,2.0477777777777778e-05
5389436,2026-04-15 04:46:56+00:00,2026-04-15 04:46:57,1.0,cn003,0.00017333333333333334,0.013693333333333333,1.3693333333333333e-05
5389749,2026-04-15 05:08:46+00:00,2026-04-15 05:08:47,1.0,cn296,0.0001361111111111111,0.01238611111111111,1.238611111111111e-05
5389750,2026-04-15 05:08:48+00:00,2026-04-15 05:08:50,2.0,cn296,0.0002722222222222222,0.02477222222222222,2.477222222222222e-05
5389753,2026-04-15 05:08:54+00:00,2026-04-15 05:08:56,2.0,cn296,0.0002722222222222222,0.02477222222222222,2.477222222222222e-05
5390560,2026-04-15 05:46:57+00:00,2026-04-15 05:46:58,1.0,cn040,0.00016666666666666666,0.016833333333333332,1.6833333333333334e-05
5390566,2026-04-15 05:47:16+00:00,2026-04-15 05:47:18,2.0,cn509,0.00026722222222222224,0.026989444444444448,2.698944444444445e-05
5390561,2026-04-15 05:50:01+00:00,2026-04-15 05:50:03,2.0,cn298,0.00016527777777777778,0.016693055555555555,1.6693055555555555e-05
5390565,2026-04-15 05:50:03+00:00,2026-04-15 05:50:06,3.0,cn298,0.0002597222222222222,0.026231944444444443,2.6231944444444444e-05
5391017,2026-04-15 06:07:34+00:00,2026-04-15 06:07:36,2.0,cn520,0.0002588888888888889,0.028736666666666667,2.873666666666667e-05
5391015,2026-04-15 06:14:08+00:00,2026-04-15 06:14:10,2.0,cn298,0.00017916666666666667,0.0198875,1.98875e-05
5391018,2026-04-15 06:14:10+00:00,2026-04-15 06:14:13,3.0,cn298,0.00026388888888888886,0.029291666666666664,2.9291666666666663e-05
5391021,2026-04-15 06:14:13+00:00,2026-04-15 06:14:15,2.0,cn298,0.00019638888888888888,0.021799166666666665,2.1799166666666666e-05
5391507,2026-04-15 06:46:55+00:00,2026-04-15 06:46:57,2.0,cn295,0.0002666666666666667,0.029866666666666666,2.9866666666666666e-05
5391510,2026-04-15 06:47:07+00:00,2026-04-15 06:47:10,3.0,cn295,0.0002686111111111111,0.030084444444444445,3.0084444444444445e-05
5391512,2026-04-15 06:47:15+00:00,2026-04-15 06:47:17,2.0,cn295,0.0002666666666666667,0.029866666666666666,2.9866666666666666e-05
5391772,2026-04-15 07:07:35+00:00,2026-04-15 07:07:37,2.0,cn294,0.0002722222222222222,0.024499999999999997,2.4499999999999996e-05
5391773,2026-04-15 07:07:37+00:00,2026-04-15 07:07:40,3.0,cn294,0.00027,0.0243,2.4299999999999998e-05
5393076,2026-04-15 09:07:35+00:00,2026-04-15 09:07:37,2.0,cn508,0.00026388888888888886,0.017416666666666664,1.7416666666666662e-05
5393083,2026-04-15 09:07:54+00:00,2026-04-15 09:07:56,2.0,cn297,0.0002713888888888889,0.017911666666666666,1.7911666666666667e-05
5393948,2026-04-15 09:46:57+00:00,2026-04-15 09:46:59,2.0,cn501,0.00026166666666666667,0.016223333333333333,1.622333333333333e-05
5394565,2026-04-15 11:07:32+00:00,2026-04-15 11:07:33,1.0,cn069,0.00022333333333333333,0.0134,1.34e-05
5395001,2026-04-15 11:46:53+00:00,2026-04-15 11:46:56,3.0,cn296,0.0002722222222222222,0.015788888888888887,1.5788888888888888e-05
5395006,2026-04-15 11:46:57+00:00,2026-04-15 11:46:59,2.0,cn522,0.0002611111111111111,0.015144444444444445,1.5144444444444444e-05
5395127,2026-04-15 12:07:34+00:00,2026-04-15 12:07:36,2.0,cn522,0.00027416666666666664,0.0156275,1.56275e-05
5396235,2026-04-15 12:47:13+00:00,2026-04-15 12:47:16,3.0,cn294,0.0002722222222222222,0.015788888888888887,1.5788888888888888e-05
5396555,2026-04-15 13:11:29+00:00,2026-04-15 13:11:31,2.0,cn298,0.00018194444444444445,0.01182638888888889,1.182638888888889e-05
5397408,2026-04-15 14:11:12+00:00,2026-04-15 14:11:14,2.0,cn298,0.00027694444444444446,0.016339722222222224,1.6339722222222223e-05
5397426,2026-04-15 14:11:14+00:00,2026-04-15 14:11:16,2.0,cn298,0.00021805555555555556,0.012865277777777778,1.2865277777777777e-05
5397657,2026-04-15 14:13:31+00:00,2026-04-15 14:13:33,2.0,cn019,0.00022333333333333333,0.013176666666666666,1.3176666666666667e-05
5400515,2026-04-15 15:46:54+00:00,2026-04-15 15:46:55,1.0,cn040,0.00016666666666666666,0.011,1.1e-05
5400658,2026-04-15 15:48:40+00:00,2026-04-15 15:48:43,3.0,cn299,0.0002666666666666667,0.0176,1.76e-05
5400661,2026-04-15 15:48:40+00:00,2026-04-15 15:48:43,3.0,cn294,0.00026944444444444444,0.01778333333333333,1.7783333333333333e-05
5401225,2026-04-15 16:13:45+00:00,2026-04-15 16:13:48,3.0,cn295,0.0002666666666666667,0.018133333333333335,1.8133333333333335e-05
5401233,2026-04-15 16:13:51+00:00,2026-04-15 16:13:53,2.0,cn295,0.0002666666666666667,0.018133333333333335,1.8133333333333335e-05
5402217,2026-04-15 16:46:56+00:00,2026-04-15 16:46:58,2.0,cn502,0.00026305555555555555,0.020781388888888887,2.078138888888889e-05
5402362,2026-04-15 16:49:00+00:00,2026-04-15 16:49:01,1.0,cn050,0.00016,0.01264,1.2640000000000001e-05
5402329,2026-04-15 16:50:35+00:00,2026-04-15 16:50:38,3.0,cn295,0.00026388888888888886,0.020847222222222222,2.084722222222222e-05
5402359,2026-04-15 16:50:39+00:00,2026-04-15 16:50:41,2.0,cn295,0.00026388888888888886,0.020847222222222222,2.084722222222222e-05
5402920,2026-04-15 17:07:43+00:00,2026-04-15 17:07:45,2.0,cn510,0.00024083333333333332,0.020229999999999998,2.0229999999999998e-05
5402921,2026-04-15 17:07:47+00:00,2026-04-15 17:07:49,2.0,cn296,0.0002722222222222222,0.022866666666666664,2.2866666666666662e-05
5402923,2026-04-15 17:08:31+00:00,2026-04-15 17:08:33,2.0,cn510,0.00024166666666666667,0.0203,2.03e-05
5403743,2026-04-15 18:07:32+00:00,2026-04-15 18:07:34,2.0,cn294,0.0002666666666666667,0.023466666666666667,2.3466666666666667e-05
5403744,2026-04-15 18:07:34+00:00,2026-04-15 18:07:36,2.0,cn295,0.0002666666666666667,0.023466666666666667,2.3466666666666667e-05
5404116,2026-04-15 18:46:51+00:00,2026-04-15 18:46:54,3.0,cn297,0.00026388888888888886,0.023749999999999997,2.3749999999999998e-05
5404114,2026-04-15 18:46:51+00:00,2026-04-15 18:46:53,2.0,cn012,0.00016,0.014400000000000001,1.4400000000000001e-05
5404127,2026-04-15 18:47:03+00:00,2026-04-15 18:47:05,2.0,cn297,0.00026388888888888886,0.023749999999999997,2.3749999999999998e-05
5405587,2026-04-15 20:19:22+00:00,2026-04-15 20:19:24,2.0,cn294,0.00026805555555555556,0.023320833333333332,2.3320833333333332e-05
5406292,2026-04-15 21:07:32+00:00,2026-04-15 21:07:34,2.0,cn523,0.00025833333333333334,0.01989166666666667,1.9891666666666668e-05
5406295,2026-04-15 21:07:39+00:00,2026-04-15 21:07:41,2.0,cn523,0.0002602777777777778,0.02004138888888889,2.004138888888889e-05
5406700,2026-04-15 21:46:54+00:00,2026-04-15 21:46:55,1.0,cn296,0.00013194444444444443,0.009763888888888888,9.763888888888888e-06
5406720,2026-04-15 21:47:19+00:00,2026-04-15 21:47:21,2.0,cn296,0.00026388888888888886,0.019527777777777776,1.9527777777777775e-05
5406722,2026-04-15 21:47:21+00:00,2026-04-15 21:47:24,3.0,cn296,0.00026388888888888886,0.019527777777777776,1.9527777777777775e-05
5406910,2026-04-15 22:07:31+00:00,2026-04-15 22:07:33,2.0,cn294,0.00026805555555555556,0.020104166666666666,2.0104166666666666e-05
5406911,2026-04-15 22:07:33+00:00,2026-04-15 22:07:36,3.0,cn294,0.0002666666666666667,0.02,2e-05
5407207,2026-04-15 22:46:55+00:00,2026-04-15 22:46:57,2.0,cn294,0.00026944444444444444,0.019669444444444444,1.9669444444444444e-05
5407830,2026-04-15 23:07:35+00:00,2026-04-15 23:07:37,2.0,cn296,0.0002666666666666667,0.02026666666666667,2.026666666666667e-05
5408347,2026-04-15 23:46:55+00:00,2026-04-15 23:46:57,2.0,cn542,0.00026444444444444443,0.020097777777777777,2.0097777777777778e-05
5408349,2026-04-15 23:46:56+00:00,2026-04-15 23:46:58,2.0,cn542,0.00026166666666666667,0.019886666666666667,1.9886666666666667e-05
5408350,2026-04-15 23:46:57+00:00,2026-04-15 23:46:59,2.0,cn542,0.0002611111111111111,0.019844444444444442,1.984444444444444e-05
5408352,2026-04-15 23:46:58+00:00,2026-04-15 23:47:00,2.0,cn522,0.00026388888888888886,0.020055555555555552,2.0055555555555553e-05
5408946,2026-04-16 00:07:31+00:00,2026-04-16 00:07:33,2.0,cn528,0.0002713888888888889,0.020082777777777776,2.0082777777777776e-05
5408948,2026-04-16 00:07:33+00:00,2026-04-16 00:07:35,2.0,cn528,0.0002547222222222222,0.018849444444444443,1.8849444444444442e-05
5408953,2026-04-16 00:07:37+00:00,2026-04-16 00:07:39,2.0,cn528,0.0002555555555555556,0.018911111111111115,1.8911111111111115e-05
5408955,2026-04-16 00:07:50+00:00,2026-04-16 00:07:52,2.0,cn528,0.00025277777777777777,0.018705555555555555,1.8705555555555554e-05
5409569,2026-04-16 01:07:34+00:00,2026-04-16 01:07:36,2.0,cn299,0.00027,0.0189,1.89e-05
5409571,2026-04-16 01:07:40+00:00,2026-04-16 01:07:43,3.0,cn299,0.00026722222222222224,0.01870555555555556,1.8705555555555557e-05
5410263,2026-04-16 01:48:12+00:00,2026-04-16 01:48:14,2.0,cn298,0.00018472222222222222,0.012376388888888888,1.2376388888888888e-05
5413287,2026-04-16 04:07:39+00:00,2026-04-16 04:07:41,2.0,cn296,0.0002666666666666667,0.021333333333333336,2.1333333333333335e-05
5413804,2026-04-16 04:46:52+00:00,2026-04-16 04:46:54,2.0,cn297,0.00026388888888888886,0.02295833333333333,2.295833333333333e-05
5413806,2026-04-16 04:46:52+00:00,2026-04-16 04:46:53,1.0,cn027,0.00016,0.013920000000000002,1.3920000000000002e-05
5413809,2026-04-16 04:46:55+00:00,2026-04-16 04:46:56,1.0,cn011,0.00016,0.013920000000000002,1.3920000000000002e-05
5413812,2026-04-16 04:46:57+00:00,2026-04-16 04:46:58,1.0,cn027,0.00017,0.014790000000000001,1.479e-05
5414100,2026-04-16 05:07:32+00:00,2026-04-16 05:07:35,3.0,cn297,0.00026388888888888886,0.025333333333333333,2.5333333333333334e-05
5414102,2026-04-16 05:07:33+00:00,2026-04-16 05:07:35,2.0,cn297,0.00026388888888888886,0.025333333333333333,2.5333333333333334e-05
5414445,2026-04-16 05:46:57+00:00,2026-04-16 05:46:58,1.0,cn028,0.00016,0.01744,1.744e-05
5414447,2026-04-16 05:47:00+00:00,2026-04-16 05:47:01,1.0,cn009,0.00016666666666666666,0.018166666666666668,1.8166666666666667e-05
5414830,2026-04-16 06:07:37+00:00,2026-04-16 06:07:39,2.0,cn019,0.00016,0.016800000000000002,1.6800000000000002e-05
5414832,2026-04-16 06:07:39+00:00,2026-04-16 06:07:41,2.0,cn019,0.00016,0.016800000000000002,1.6800000000000002e-05
5415344,2026-04-16 06:47:05+00:00,2026-04-16 06:47:07,2.0,cn294,0.00026944444444444444,0.02775277777777778,2.775277777777778e-05
5416425,2026-04-16 07:47:03+00:00,2026-04-16 07:47:05,2.0,cn298,0.00023194444444444445,0.018091666666666666,1.8091666666666665e-05
5417116,2026-04-16 08:10:04+00:00,2026-04-16 08:10:06,2.0,cn542,0.0002611111111111111,0.019061111111111112,1.9061111111111112e-05
5417117,2026-04-16 08:10:07+00:00,2026-04-16 08:10:09,2.0,cn542,0.00026305555555555555,0.019203055555555557,1.9203055555555557e-05
5417451,2026-04-16 08:46:52+00:00,2026-04-16 08:46:54,2.0,cn297,0.0002666666666666667,0.0176,1.76e-05
5417458,2026-04-16 08:46:56+00:00,2026-04-16 08:46:57,1.0,cn048,0.00015666666666666666,0.01034,1.0340000000000001e-05
5417738,2026-04-16 09:07:45+00:00,2026-04-16 09:07:47,2.0,cn297,0.0002686111111111111,0.017996944444444444,1.7996944444444443e-05
5417956,2026-04-16 09:46:56+00:00,2026-04-16 09:46:57,1.0,cn072,0.00017333333333333334,0.010920000000000001,1.092e-05
5420421,2026-04-16 12:07:36+00:00,2026-04-16 12:07:39,3.0,cn299,0.00026944444444444444,0.017244444444444444,1.7244444444444443e-05
5422026,2026-04-16 14:07:31+00:00,2026-04-16 14:07:33,2.0,cn297,0.00026388888888888886,0.019263888888888886,1.9263888888888885e-05
