Datetime (UTC),Actual Carbon Intensity (gCO2/kWh),Forecast Carbon Intensity (gCO2/kWh),Index
2026-04-09T12:00Z,63,64,low
2026-04-09T12:30Z,57,59,low
2026-04-09T13:00Z,61,58,low
2026-04-09T13:30Z,60,47,low
2026-04-09T14:00Z,59,47,low
2026-04-09T14:30Z,56,56,low
2026-04-09T15:00Z,56,53,low
2026-04-09T15:30Z,55,46,low
2026-04-09T16:00Z,54,44,low
2026-04-09T16:30Z,61,44,low
2026-04-09T17:00Z,63,45,low
2026-04-09T17:30Z,68,51,low
2026-04-09T18:00Z,65,55,low
2026-04-09T18:30Z,70,57,low
2026-04-09T19:00Z,69,58,low
2026-04-09T19:30Z,62,61,low
2026-04-09T20:00Z,52,56,low
2026-04-09T20:30Z,47,52,low
2026-04-09T21:00Z,42,42,low
2026-04-09T21:30Z,43,43,low
2026-04-09T22:00Z,45,41,low
2026-04-09T22:30Z,44,38,low
2026-04-09T23:00Z,44,40,low
2026-04-09T23:30Z,43,38,low
2026-04-10T00:00Z,43,39,low
2026-04-10T00:30Z,43,44,low
2026-04-10T01:00Z,36,48,low
2026-04-10T01:30Z,34,51,low
2026-04-10T02:00Z,33,37,low
2026-04-10T02:30Z,35,33,low
2026-04-10T03:00Z,34,32,low
2026-04-10T03:30Z,36,35,low
2026-04-10T04:00Z,47,34,low
2026-04-10T04:30Z,58,36,low
2026-04-10T05:00Z,80,45,low
2026-04-10T05:30Z,97,54,moderate
2026-04-10T06:00Z,116,81,moderate
2026-04-10T06:30Z,122,107,moderate
2026-04-10T07:00Z,125,137,moderate
2026-04-10T07:30Z,123,150,moderate
2026-04-10T08:00Z,121,130,moderate
2026-04-10T08:30Z,114,125,moderate
2026-04-10T09:00Z,118,127,moderate
2026-04-10T09:30Z,114,119,moderate
2026-04-10T10:00Z,110,118,moderate
2026-04-10T10:30Z,109,120,moderate
2026-04-10T11:00Z,104,124,moderate
2026-04-10T11:30Z,98,108,moderate
2026-04-10T12:00Z,90,100,moderate
2026-04-10T12:30Z,89,95,low
2026-04-10T13:00Z,90,97,moderate
2026-04-10T13:30Z,91,96,moderate
2026-04-10T14:00Z,95,94,moderate
2026-04-10T14:30Z,97,80,moderate
2026-04-10T15:00Z,94,76,moderate
2026-04-10T15:30Z,97,102,moderate
2026-04-10T16:00Z,115,105,moderate
2026-04-10T16:30Z,122,99,moderate
2026-04-10T17:00Z,126,93,moderate
2026-04-10T17:30Z,124,81,moderate
2026-04-10T18:00Z,122,123,moderate
2026-04-10T18:30Z,121,119,moderate
2026-04-10T19:00Z,118,119,moderate
2026-04-10T19:30Z,115,118,moderate
2026-04-10T20:00Z,105,109,moderate
2026-04-10T20:30Z,91,113,moderate
2026-04-10T21:00Z,90,103,moderate
2026-04-10T21:30Z,80,91,low
2026-04-10T22:00Z,80,86,low
2026-04-10T22:30Z,71,83,low
2026-04-10T23:00Z,69,75,low
2026-04-10T23:30Z,71,70,low
2026-04-11T00:00Z,70,69,low
2026-04-11T00:30Z,71,69,low
2026-04-11T01:00Z,63,71,low
2026-04-11T01:30Z,51,67,low
2026-04-11T02:00Z,46,61,low
2026-04-11T02:30Z,44,52,low
2026-04-11T03:00Z,45,45,low
2026-04-11T03:30Z,46,46,low
2026-04-11T04:00Z,45,45,low
2026-04-11T04:30Z,45,50,low
2026-04-11T05:00Z,47,51,low
2026-04-11T05:30Z,48,51,low
2026-04-11T06:00Z,54,43,low
2026-04-11T06:30Z,55,42,low
2026-04-11T07:00Z,55,45,low
2026-04-11T07:30Z,53,46,low
2026-04-11T08:00Z,49,44,low
2026-04-11T08:30Z,46,41,low
2026-04-11T09:00Z,44,43,low
2026-04-11T09:30Z,40,37,low
2026-04-11T10:00Z,39,29,low
2026-04-11T10:30Z,38,26,low
2026-04-11T11:00Z,39,29,low
2026-04-11T11:30Z,38,27,low
2026-04-11T12:00Z,37,30,low
2026-04-11T12:30Z,40,27,low
2026-04-11T13:00Z,41,27,low
2026-04-11T13:30Z,43,25,low
2026-04-11T14:00Z,42,26,low
2026-04-11T14:30Z,41,30,low
2026-04-11T15:00Z,42,32,low
2026-04-11T15:30Z,45,35,low
2026-04-11T16:00Z,45,38,low
2026-04-11T16:30Z,47,40,low
2026-04-11T17:00Z,54,45,low
2026-04-11T17:30Z,62,50,low
2026-04-11T18:00Z,71,52,low
2026-04-11T18:30Z,75,54,low
2026-04-11T19:00Z,79,68,low
2026-04-11T19:30Z,75,67,low
2026-04-11T20:00Z,70,70,low
2026-04-11T20:30Z,65,67,low
2026-04-11T21:00Z,67,64,low
2026-04-11T21:30Z,66,70,low
2026-04-11T22:00Z,67,65,low
2026-04-11T22:30Z,70,68,low
2026-04-11T23:00Z,70,63,low
2026-04-11T23:30Z,63,61,low
2026-04-12T00:00Z,60,60,low
2026-04-12T00:30Z,59,60,low
2026-04-12T01:00Z,61,58,low
2026-04-12T01:30Z,58,56,low
2026-04-12T02:00Z,52,54,low
2026-04-12T02:30Z,53,53,low
2026-04-12T03:00Z,53,52,low
2026-04-12T03:30Z,53,52,low
2026-04-12T04:00Z,57,51,low
2026-04-12T04:30Z,58,51,low
2026-04-12T05:00Z,52,50,low
2026-04-12T05:30Z,51,53,low
2026-04-12T06:00Z,56,47,low
2026-04-12T06:30Z,54,46,low
2026-04-12T07:00Z,47,50,low
2026-04-12T07:30Z,42,48,low
2026-04-12T08:00Z,47,43,low
2026-04-12T08:30Z,45,36,low
2026-04-12T09:00Z,56,41,low
2026-04-12T09:30Z,56,38,low
2026-04-12T10:00Z,53,50,low
2026-04-12T10:30Z,49,45,low
2026-04-12T11:00Z,41,42,low
2026-04-12T11:30Z,42,55,low
2026-04-12T12:00Z,40,40,low
2026-04-12T12:30Z,40,40,low
2026-04-12T13:00Z,41,38,low
2026-04-12T13:30Z,45,37,low
2026-04-12T14:00Z,47,42,low
2026-04-12T14:30Z,56,45,low
2026-04-12T15:00Z,64,47,low
2026-04-12T15:30Z,68,50,low
2026-04-12T16:00Z,83,60,low
2026-04-12T16:30Z,99,65,moderate
2026-04-12T17:00Z,118,85,moderate
2026-04-12T17:30Z,131,103,moderate
2026-04-12T18:00Z,138,120,moderate
2026-04-12T18:30Z,146,133,moderate
2026-04-12T19:00Z,146,139,moderate
2026-04-12T19:30Z,147,164,moderate
2026-04-12T20:00Z,138,144,moderate
2026-04-12T20:30Z,134,152,moderate
2026-04-12T21:00Z,139,139,moderate
2026-04-12T21:30Z,143,135,moderate
2026-04-12T22:00Z,145,146,moderate
2026-04-12T22:30Z,145,148,moderate
2026-04-12T23:00Z,144,146,moderate
2026-04-12T23:30Z,145,140,moderate
2026-04-13T00:00Z,140,152,moderate
2026-04-13T00:30Z,147,164,moderate
2026-04-13T01:00Z,143,147,moderate
2026-04-13T01:30Z,141,161,moderate
2026-04-13T02:00Z,143,152,moderate
2026-04-13T02:30Z,144,155,moderate
2026-04-13T03:00Z,149,141,moderate
2026-04-13T03:30Z,152,141,moderate
2026-04-13T04:00Z,161,145,moderate
2026-04-13T04:30Z,169,157,moderate
2026-04-13T05:00Z,180,176,high
2026-04-13T05:30Z,188,193,high
2026-04-13T06:00Z,201,195,high
2026-04-13T06:30Z,196,201,high
2026-04-13T07:00Z,180,206,high
2026-04-13T07:30Z,171,189,high
2026-04-13T08:00Z,162,173,moderate
2026-04-13T08:30Z,155,157,moderate
2026-04-13T09:00Z,145,153,moderate
2026-04-13T09:30Z,140,140,moderate
2026-04-13T10:00Z,134,140,moderate
2026-04-13T10:30Z,133,136,moderate
2026-04-13T11:00Z,130,138,moderate
2026-04-13T11:30Z,128,139,moderate
2026-04-13T12:00Z,123,132,moderate
2026-04-13T12:30Z,120,124,moderate
2026-04-13T13:00Z,116,120,moderate
2026-04-13T13:30Z,120,121,moderate
2026-04-13T14:00Z,118,123,moderate
2026-04-13T14:30Z,129,128,moderate
2026-04-13T15:00Z,136,130,moderate
2026-04-13T15:30Z,145,134,moderate
2026-04-13T16:00Z,158,149,moderate
2026-04-13T16:30Z,164,156,moderate
2026-04-13T17:00Z,174,171,high
2026-04-13T17:30Z,182,182,high
2026-04-13T18:00Z,186,185,high
2026-04-13T18:30Z,190,190,high
2026-04-13T19:00Z,190,198,high
2026-04-13T19:30Z,189,199,high
2026-04-13T20:00Z,187,189,high
2026-04-13T20:30Z,187,189,high
2026-04-13T21:00Z,189,190,high
2026-04-13T21:30Z,185,185,high
2026-04-13T22:00Z,177,175,high
2026-04-13T22:30Z,173,182,high
2026-04-13T23:00Z,177,179,high
2026-04-13T23:30Z,178,176,high
2026-04-14T00:00Z,177,177,high
2026-04-14T00:30Z,178,182,high
2026-04-14T01:00Z,179,188,high
2026-04-14T01:30Z,181,187,high
2026-04-14T02:00Z,182,180,high
2026-04-14T02:30Z,182,179,high
2026-04-14T03:00Z,186,189,high
2026-04-14T03:30Z,186,188,high
2026-04-14T04:00Z,188,194,high
2026-04-14T04:30Z,189,201,high
2026-04-14T05:00Z,197,206,high
2026-04-14T05:30Z,200,200,high
2026-04-14T06:00Z,191,208,high
2026-04-14T06:30Z,187,220,high
2026-04-14T07:00Z,173,202,high
2026-04-14T07:30Z,166,198,moderate
2026-04-14T08:00Z,157,176,moderate
2026-04-14T08:30Z,142,163,moderate
2026-04-14T09:00Z,126,156,moderate
2026-04-14T09:30Z,112,143,moderate
2026-04-14T10:00Z,96,120,moderate
2026-04-14T10:30Z,91,116,moderate
2026-04-14T11:00Z,86,103,low
2026-04-14T11:30Z,79,85,low
2026-04-14T12:00Z,77,83,low
2026-04-14T12:30Z,80,77,low
2026-04-14T13:00Z,84,68,low
2026-04-14T13:30Z,90,70,moderate
2026-04-14T14:00Z,91,74,moderate
2026-04-14T14:30Z,99,84,moderate
2026-04-14T15:00Z,107,89,moderate
2026-04-14T15:30Z,118,93,moderate
2026-04-14T16:00Z,126,103,moderate
2026-04-14T16:30Z,131,113,moderate
2026-04-14T17:00Z,136,137,moderate
2026-04-14T17:30Z,136,128,moderate
2026-04-14T18:00Z,140,120,moderate
2026-04-14T18:30Z,141,136,moderate
2026-04-14T19:00Z,144,132,moderate
2026-04-14T19:30Z,140,127,moderate
2026-04-14T20:00Z,142,134,moderate
2026-04-14T20:30Z,129,134,moderate
2026-04-14T21:00Z,117,135,moderate
2026-04-14T21:30Z,101,124,moderate
2026-04-14T22:00Z,78,112,low
2026-04-14T22:30Z,70,98,low
2026-04-14T23:00Z,75,78,low
2026-04-14T23:30Z,73,70,low
2026-04-15T00:00Z,73,69,low
2026-04-15T00:30Z,72,65,low
2026-04-15T01:00Z,68,69,low
2026-04-15T01:30Z,72,69,low
2026-04-15T02:00Z,75,65,low
2026-04-15T02:30Z,75,72,low
2026-04-15T03:00Z,76,71,low
2026-04-15T03:30Z,77,73,low
2026-04-15T04:00Z,76,73,low
2026-04-15T04:30Z,79,74,low
2026-04-15T05:00Z,91,75,moderate
2026-04-15T05:30Z,101,76,moderate
2026-04-15T06:00Z,111,83,moderate
2026-04-15T06:30Z,112,85,moderate
2026-04-15T07:00Z,90,95,moderate
2026-04-15T07:30Z,75,99,low
2026-04-15T08:00Z,75,75,low
2026-04-15T08:30Z,70,65,low
2026-04-15T09:00Z,66,67,low
2026-04-15T09:30Z,62,65,low
2026-04-15T10:00Z,60,82,low
2026-04-15T10:30Z,61,55,low
2026-04-15T11:00Z,60,55,low
2026-04-15T11:30Z,58,46,low
2026-04-15T12:00Z,57,45,low
2026-04-15T12:30Z,58,46,low
2026-04-15T13:00Z,65,54,low
2026-04-15T13:30Z,62,56,low
2026-04-15T14:00Z,59,63,low
2026-04-15T14:30Z,62,64,low
2026-04-15T15:00Z,63,67,low
2026-04-15T15:30Z,66,65,low
2026-04-15T16:00Z,68,66,low
2026-04-15T16:30Z,79,70,low
2026-04-15T17:00Z,84,68,low
2026-04-15T17:30Z,82,80,low
2026-04-15T18:00Z,88,83,low
2026-04-15T18:30Z,90,87,moderate
2026-04-15T19:00Z,95,85,moderate
2026-04-15T19:30Z,95,92,moderate
2026-04-15T20:00Z,87,96,low
2026-04-15T20:30Z,83,97,low
2026-04-15T21:00Z,77,93,low
2026-04-15T21:30Z,74,92,low
2026-04-15T22:00Z,75,80,low
2026-04-15T22:30Z,73,75,low
2026-04-15T23:00Z,76,76,low
2026-04-15T23:30Z,76,71,low
2026-04-16T00:00Z,74,72,low
2026-04-16T00:30Z,76,75,low
2026-04-16T01:00Z,70,73,low
2026-04-16T01:30Z,67,72,low
2026-04-16T02:00Z,67,68,low
2026-04-16T02:30Z,67,68,low
2026-04-16T03:00Z,71,67,low
2026-04-16T03:30Z,68,68,low
2026-04-16T04:00Z,80,71,low
2026-04-16T04:30Z,87,70,low
2026-04-16T05:00Z,96,72,moderate
2026-04-16T05:30Z,109,83,moderate
2026-04-16T06:00Z,105,97,moderate
2026-04-16T06:30Z,103,103,moderate
2026-04-16T07:00Z,86,99,low
2026-04-16T07:30Z,78,94,low
2026-04-16T08:00Z,73,81,low
2026-04-16T08:30Z,66,67,low
2026-04-16T09:00Z,67,65,low
2026-04-16T09:30Z,63,60,low
2026-04-16T10:00Z,64,58,low
2026-04-16T10:30Z,65,61,low
2026-04-16T11:00Z,63,59,low
2026-04-16T11:30Z,64,66,low
2026-04-16T12:00Z,64,62,low
2026-04-16T12:30Z,65,62,low
2026-04-16T13:00Z,66,64,low
2026-04-16T13:30Z,70,69,low
2026-04-16T14:00Z,73,64,low
2026-04-16T14:30Z,82,66,low
2026-04-16T15:00Z,92,75,moderate
2026-04-16T15:30Z,108,88,moderate
2026-04-16T16:00Z,123,118,moderate
2026-04-16T16:30Z,133,132,moderate
2026-04-16T17:00Z,133,141,moderate
2026-04-16T17:30Z,144,156,moderate
2026-04-16T18:00Z,148,145,moderate
2026-04-16T18:30Z,157,156,moderate
2026-04-16T19:00Z,164,152,moderate
2026-04-16T19:30Z,165,161,moderate
2026-04-16T20:00Z,166,160,moderate
2026-04-16T20:30Z,160,159,moderate
2026-04-16T21:00Z,156,162,moderate
2026-04-16T21:30Z,148,144,moderate
2026-04-16T22:00Z,129,147,moderate
2026-04-16T22:30Z,122,142,moderate

